INSERT INTO data.users (auth0_id, user_name) VALUES
('EAC742825A9C864A1FD3C43AF32DC', 'BC Ministry of Transportation and Infrastructure'), -- 1
('B46ABDABF476EFF1D81AC47D52524', 'City of Merritt'),                                  -- 2
('1B59418122BE218AA4E4D7A6E518E', 'City of Abbotsford'),                               -- 3
('F614FADE3125B3DB156EFDC8448D5', 'Trans Mountain Corporation');                        --4


INSERT INTO data.parents (parent_name, user_id, risk_level_threshold) VALUES
('Highway 5', 1, 1),          -- BC MOTI:                   1
('Infrastructures', 2, 1),    -- City of Merritt:           2
('Infrastructures', 3, 1),    -- City of Abbotsford:        3
('Pipelines Cluster 1', 4, 3); --Trans Mountain Corporation 4

INSERT INTO data.networks (network_name, network_name_long) VALUES
('ECCC','Environment Canada'),
('MOE-ASP','BC Ministry of Environment- Automated Snow Pillow Network'),
('MoTI-RWS', 'BC Ministry of Transportation and Infrastructure - Road Weather Stations'),
('NOAA-hydrometric', 'National Oceanic and Atmospheric Administration - Hydrometric Network'),
('NOAA-Snotel', 'National Oceanic and Atmospheric Administration - Snow Conditions');

INSERT INTO data.assets (
	asset_name, 
	asset_description, 
	parent_id, 
	latitude, 
	longitude, 
	watershed_feature_id, 
	aoi_geom4326,
	aoi_area_m2,
	land_disturbance_fire, -- 0 | 1 | 2 -- trigger
	land_disturbance_road, -- 0 | 1 | 2 -- trigger
	fire_past_2_years_m2,
	fire_past_5_years_m2,
	length_of_roads_m
) VALUES
('Section 2', 'Coquihalla Summit to Merritt', 1, 49.5941, -121.0995, 10644179, ST_Multi(ST_Buffer(ST_SetSRID(ST_Point(-121.0995, 49.5941), 4326), 0.001)), ST_Area(ST_Buffer(ST_SetSRID(ST_Point(-121.0995, 49.5941), 4326), 0.001)::geography), 0, 0, 1000, 2000, 300); -- BC MOTI asset


INSERT INTO data.sentinels (
	sentinel_id,
	station_id,
	station_name,
	latitude,
	longitude,
	elevation_m,
	geom4326,
	hr24_5yr,
	hr24_10yr,
	hr24_20yr,
	hr24_50yr,
	hr24_100yr,
	hr48_5yr,
	hr48_10yr,
	hr48_20yr,
	hr48_50yr,
	hr48_100yr,
	network_id,
	start_year,
	end_year
)
VALUES 
(1, '44091', '73 MILE', 56.5411100000000033, -121.25264, NULL, '0101000020E6100000556AF6402B505EC0F0C4AC1743454C40', 31.5900002, 63.1800003, 73.6600037, 87.6200027, 98.3600006, 39.0158882, 78.0317764, 90.2517776, 106.291779, 118.451775, 3, 2002, 2022),
(2, '1126146', 'PENTICTON A', 49.4600000000000009, -119.599999999999994, NULL, '0101000020E61000006666666666E65DC07B14AE47E1BA4840', 17.4451275, 34.890255, 39.6452904, 45.9133263, 50.6983604, 19.9141808, 39.8283615, 45.1729012, 52.163456, 57.4579964, 1, 1941, 2022),
(3, '1182289', 'DAWSON CREEK A', 55.740000000000002, -120.180000000000007, NULL, '0101000020E6100000EC51B81E850B5EC01F85EB51B8DE4B40', 32.0915375, 64.183075, 74.9074707, 89.2307358, 100.286247, 39.667614, 79.335228, 91.8784943, 108.409515, 120.99279, 1, 1968, 2022),
(4, '1105658', 'N VANC GROUSE MTN RESORT', 49.3800000000000026, -123.079999999999998, NULL, '0101000020E610000085EB51B81EC55EC0713D0AD7A3B04840', 92.7613297, 185.522659, 206.421844, 233.480911, 253.758163, 125.307594, 250.615189, 278.111084, 313.253723, 339.248291, 1, 1971, 2022),
(5, '1107785', 'SUMAS CANAL', 49.1099999999999994, -122.109999999999999, NULL, '0101000020E6100000D7A3703D0A875EC0AE47E17A148E4840', 48.9463387, 97.8926773, 110.333481, 126.614548, 138.945358, 64.7728119, 129.545624, 145.681747, 166.58815, 182.269226, 1, 1957, 2022),
(6, '55091', 'Stearns', 54.191670000000002, -125.536389999999997, NULL, '0101000020E6100000B1F9B83654625FC0EACF7EA488184B40', 21.5215111, 43.0430222, 49.3074799, 57.5848236, 63.9121742, 25.7949448, 51.5898895, 58.7985611, 68.2030182, 75.2945862, 3, 2003, 2022),
(7, '1012055', 'LAKE COWICHAN', 48.8299999999999983, -124.049999999999997, NULL, '0101000020E61000003333333333035FC00AD7A3703D6A4840', 71.429657, 142.859314, 159.893341, 181.77182, 198.022293, 95.8025665, 191.605133, 213.746292, 241.743668, 262.228607, 1, 1960, 2022),
(8, '116Q20D', 'SUN PEAKS LOWER', 50.8900000000000006, -119.879999999999995, NULL, '0101000020E6100000B81E85EB51F85DC052B81E85EB714940', 18.8826675, 37.7653351, 43.1757965, 50.3992271, 55.9889069, 25.8953724, 51.7907448, 58.683075, 67.7024384, 74.5221252, 1, 1994, 2022),
(9, '3B23P', 'Jump Creek', 48.9827799999999982, -124.271109999999993, NULL, '0101000020E610000096E7C1DD59115FC0D9942BBCCB7D4840', 83.3925171, 166.785034, 185.905136, 210.327576, 228.36821, 112.328316, 224.656631, 249.530518, 280.762848, 303.453125, 2, 2000, 2005),
(10, '1D09P', 'Wahleach Lake', 49.2202800000000025, -121.575999999999993, NULL, '0101000020E6100000BE9F1A2FDD645EC040FB9122329C4840', 71.5090866, 143.018173, 159.62262, 180.88707, 196.641891, 95.9311295, 191.862259, 213.411896, 240.565979, 260.365601, 2, 2000, 2005),
(11, '1141455', 'CASTLEGAR A', 49.2999999999999972, -117.629999999999995, NULL, '0101000020E6100000B81E85EB51685DC06666666666A64840', 19.4954681, 38.9909363, 44.5625839, 52.004982, 57.7469292, 26.7927895, 53.5855789, 60.6978264, 69.9909744, 77.0135193, 1, 1965, 2022),
(12, '1106178', 'PITT MEADOWS', 49.2100000000000009, -122.689999999999998, NULL, '0101000020E61000005C8FC2F528AC5EC07B14AE47E19A4840', 54.2397385, 108.479477, 121.824593, 139.301178, 152.54628, 72.1096344, 144.219269, 161.616226, 184.175003, 201.106384, 1, 1974, 2022),
(13, '28071', 'Big Bar', 51.1469299999999976, -121.501620000000003, NULL, '0101000020E610000040C1C58A1A605EC090662C9ACE924940', 19.3402557, 38.6805115, 43.8847847, 50.7380333, 55.9559822, 22.557991, 45.1159821, 51.0892296, 58.8888016, 64.7820511, 3, 2018, 2022),
(14, '29093', 'Pothole Lake', 49.9395099999999985, -120.546369999999996, NULL, '0101000020E6100000FE60E0B9F7225EC0EA211ADD41F84840', 20.5642738, 41.1285477, 46.5412369, 53.6514969, 59.0541878, 24.2850628, 48.5701256, 54.8495712, 63.0211716, 69.1914291, 3, 2017, 2022),
(15, '37121', 'KICKING HORSE', 51.3151399999999995, -116.878469999999993, NULL, '0101000020E610000018213CDA38385DC0AAD4EC8156A84940', 20.969862, 41.939724, 47.8283272, 55.5829735, 61.501339, 28.8954334, 57.7908669, 65.232254, 74.788765, 81.8896942, 3, 1989, 2022),
(16, '1125700', 'OKANAGAN CENTRE', 50.0600000000000023, -119.450000000000003, NULL, '0101000020E6100000CDCCCCCCCCDC5DC048E17A14AE074940', 18.2940559, 36.5881119, 41.575737, 48.1617737, 53.1893959, 21.2204895, 42.440979, 48.127018, 55.5622635, 61.1990929, 1, 1925, 2022),
(17, '24225', 'RED BLUFFS', 49.4761900000000026, -120.624309999999994, NULL, '0101000020E61000003524EEB1F4275EC054573ECBF3BC4840', 27.0939331, 54.1878662, 62.9482269, 74.9140472, 84.3644028, 33.0672035, 66.134407, 76.8612137, 91.5309525, 103.140755, 3, 1997, 2022),
(18, '1103332', 'HANEY UBC RF ADMIN', 49.259999999999998, -122.569999999999993, NULL, '0101000020E610000014AE47E17AA45EC0E17A14AE47A14840', 59.8492203, 119.698441, 134.147232, 153.018814, 167.271576, 79.8578644, 159.715729, 178.593353, 202.966782, 221.172318, 1, 1961, 2022),
(19, '3B17P', 'Wolf River Upper', 49.711669999999998, -125.677779999999998, NULL, '0101000020E610000081785DBF606B5FC0ACC5A70018DB4840', 75.3370056, 150.674011, 168.048508, 190.285324, 206.753662, 101.215935, 202.43187, 225.004852, 253.428238, 274.129852, 2, 2000, 2005),
(20, '1098D90', 'VANDERHOOF', 54.0300000000000011, -124.019999999999996, NULL, '0101000020E6100000E17A14AE47015FC0A4703D0AD7034B40', 20.7900009, 41.5800018, 46.9900017, 54.0936356, 59.4936371, 24.6100006, 49.2200012, 55.5118179, 63.7018204, 69.8636398, 1, 1980, 2022),
(21, '29092', 'PENNASK SUMMIT', 49.90672, -120.013360000000006, NULL, '0101000020E6100000C6C4E6E3DA005EC08750A5660FF44840', 25.8669376, 51.7338753, 58.1238747, 66.4703293, 72.7767715, 31.7154865, 63.4309731, 71.0942001, 81.0106506, 88.4271011, 3, 1998, 2022),
(22, '1183001', 'FORT ST. JOHN A', 56.240000000000002, -120.739999999999995, NULL, '0101000020E61000008FC2F5285C2F5EC01F85EB51B81E4C40', 31.3299961, 62.6599922, 73.0879898, 86.9779892, 97.6839828, 38.6809921, 77.3619843, 89.5159836, 105.489975, 117.615974, 1, 1942, 2022),
(23, '1017230', 'SHAWNIGAN LAKE', 48.6499999999999986, -123.629999999999995, NULL, '0101000020E6100000B81E85EB51E85EC03333333333534840', 53.6057205, 107.211441, 121.050491, 139.064301, 152.622101, 71.1638031, 142.327606, 160.275925, 183.36351, 200.536072, 1, 1911, 2022),
(24, '1184791', 'MACKENZIE', 55.2999999999999972, -123.129999999999995, NULL, '0101000020E6100000B81E85EB51C85EC06666666666A64B40', 19.4391899, 38.8783798, 44.3533859, 51.6400566, 57.2483902, 26.6775379, 53.3550758, 60.3184166, 69.3734207, 76.2000961, 1, 2010, 2022),
(25, '25094', 'Desmond Hill', 50.4399900000000017, -120.598699999999994, NULL, '0101000020E61000005F07CE1951265EC09548A29751384940', 20.5361557, 41.0723114, 46.5203438, 53.679245, 59.1245613, 24.2354317, 48.4708633, 54.7897644, 63.0203972, 69.2365799, 3, 2016, 2022),
(26, '41094', 'Tamarack', 53.831389999999999, -123.132220000000004, NULL, '0101000020E610000023F8DF4A76C85EC0581CCEFC6AEA4A40', 22.9799061, 45.9598122, 51.8196297, 59.4898148, 65.3194427, 27.6699066, 55.3398132, 62.2598114, 71.2494431, 77.989624, 3, 2003, 2022),
(27, '119BLM0', 'DEASE LAKE (AUT)', 58.4299999999999997, -130.030000000000001, NULL, '0101000020E6100000295C8FC2F54060C0D7A3703D0A374D40', 19.7470684, 39.4941368, 46.0267067, 54.770565, 61.5331345, 23.6568184, 47.3136368, 54.7318497, 64.5357056, 72.0195618, 1, 1993, 2022),
(28, '1181508', 'CHETWYND A', 55.6899999999999977, -121.629999999999995, NULL, '0101000020E6100000B81E85EB51685EC0B81E85EB51D84B40', 30.8993263, 61.7986526, 72.1287613, 85.9209137, 96.5730362, 39.606205, 79.21241, 91.7324829, 108.246567, 120.824638, 1, 1982, 2022),
(29, '47092', 'Enterprise', 51.9618099999999998, -121.793139999999994, NULL, '0101000020E6100000904946CEC2725EC09E7B0F971CFB4940', 19.950222, 39.900444, 45.1805038, 52.1205559, 57.4081001, 23.4278221, 46.8556442, 52.9456978, 60.8907814, 66.8833542, 3, 2003, 2022),
(30, '1091174', 'BURNS LAKE DECKER LAKE', 54.3800000000000026, -125.959999999999994, NULL, '0101000020E61000003D0AD7A3707D5FC0713D0AD7A3304B40', 19.4875755, 38.9751511, 45.2587433, 53.6251488, 60.0515556, 23.3151493, 46.6302986, 53.7302971, 63.053112, 70.1187363, 1, 1990, 2022),
(31, '22095', 'Annis Pit', 50.7895800000000008, -119.079340000000002, NULL, '0101000020E6100000F05014E813C55DC0B0C91AF510654940', 18.4670029, 36.9340057, 42.2416573, 49.3324928, 54.8142624, 25.3002033, 50.6004066, 57.364418, 66.2084274, 72.9070206, 3, 2017, 2022),
(32, '1108395', 'VANCOUVER INTL A', 49.1899999999999977, -123.180000000000007, NULL, '0101000020E6100000EC51B81E85CB5EC0B81E85EB51984840', 40.2783813, 80.5567627, 91.0940857, 104.991417, 115.596062, 52.7987328, 105.597466, 119.194794, 136.989441, 150.446762, 1, 1937, 2022),
(33, '1046391', 'POWELL RIVER A', 49.8299999999999983, -124.5, NULL, '0101000020E61000000000000000205FC00AD7A3703DEA4840', 38.2347488, 76.4694977, 86.2347641, 99.087677, 108.872948, 50.0002403, 100.000481, 112.553383, 128.943939, 141.308014, 1, 1954, 2022),
(34, '24093', 'Bromley Rock', 49.4061599999999999, -120.262990000000002, NULL, '0101000020E6100000344B02D4D4105EC0C078060DFDB34840', 21.9795399, 43.9590797, 50.6420517, 59.6306534, 66.6314545, 26.0681419, 52.1362839, 60.0114021, 70.6103973, 78.8433456, 3, 2017, 2022),
(35, '33099', 'MCCULLOCH', 49.7577799999999968, -119.126390000000001, NULL, '0101000020E6100000A72215C616C85DC00CC85EEFFEE04840', 18.7632236, 37.5264473, 42.983223, 50.2932243, 55.9532242, 25.5357876, 51.0715752, 58.0047989, 67.1112518, 74.0344696, 3, 2000, 2022),
(36, '2E07P', 'Grano Creek', 49.5591700000000017, -118.677779999999998, NULL, '0101000020E610000081785DBF60AB5DC0C173EFE192C74840', 25.5293922, 51.0587845, 57.502903, 65.9770126, 72.4105377, 33.4579277, 66.9158554, 74.9187927, 85.2434921, 92.946434, 2, 2000, 2005),
(37, '15321', 'FOUNDATION MINES', 49.2299999999999969, -121.08417, NULL, '0101000020E61000007A53910A63455EC03D0AD7A3709D4840', 47.4715691, 94.9431381, 107.597458, 124.064339, 136.463104, 62.5898438, 125.179688, 141.472473, 162.428192, 178.034714, 3, 1988, 2022),
(38, '52091', 'LEGATE CREEK', 54.7463899999999981, -128.261110000000002, NULL, '0101000020E610000013D55B035B0860C0DD0720B5895F4B40', 37.6328506, 75.2657013, 86.4273529, 101.519501, 113.327713, 47.8009911, 95.6019821, 109.754295, 128.877274, 143.829422, 3, 1998, 2022),
(39, '1106764', 'RICHMOND DALLYN 2', 49.1799999999999997, -123.090000000000003, NULL, '0101000020E6100000F6285C8FC2C55EC0D7A3703D0A974840', 39.0720749, 78.1441498, 88.3776779, 101.87262, 112.166153, 51.1333542, 102.266708, 115.448975, 132.698013, 145.752945, 1, 1963, 2022),
(40, '1092970', 'FORT ST JAMES', 54.4600000000000009, -124.290000000000006, NULL, '0101000020E6100000C3F5285C8F125FC07B14AE47E13A4B40', 19.8846951, 39.7693901, 45.7107697, 53.5906487, 59.6146317, 23.6795712, 47.3591423, 54.121624, 62.966301, 69.6439819, 1, 1895, 2022),
(41, '15124', 'JACKASS', 50.0761099999999999, -121.547499999999999, NULL, '0101000020E6100000D7A3703D0A635EC00473F4F8BD094940', 29.3598652, 58.7197304, 67.6344299, 79.6739502, 89.0785828, 36.3247643, 72.6495285, 83.6491165, 98.4885101, 110.063004, 3, 1997, 2022),
(42, '43091', 'BRADEN ROAD', 55.7815000000000012, -120.762559999999993, NULL, '0101000020E6100000374F75C8CD305EC079E9263108E44B40', 28.7949429, 57.5898857, 67.1982498, 80.0459671, 89.9542313, 37.5014114, 75.0028229, 86.851738, 102.450317, 114.339127, 3, 2002, 2022),
(43, '1126070', 'PEACHLAND', 49.7800000000000011, -119.719999999999999, NULL, '0101000020E6100000AE47E17A14EE5DC0A4703D0AD7E34840', 17.3391495, 34.678299, 39.4113464, 45.6587486, 50.4217987, 19.7665482, 39.5330963, 44.8504982, 51.8022461, 57.0652962, 1, 1971, 2022),
(44, '62091', 'Malahat', 48.5679400000000001, -123.541759999999996, NULL, '0101000020E6100000FB912232ACE25EC08D0B0742B2484840', 49.0909767, 98.1819534, 111.03569, 127.823761, 140.506058, 64.9320679, 129.864136, 146.507217, 168.008926, 184.09198, 3, 2012, 2022),
(45, '1064320', 'KITIMAT TOWNSITE', 54.0499999999999972, -128.629999999999995, NULL, '0101000020E61000005C8FC2F5281460C06666666666064B40', 80.1835709, 160.367142, 179.388702, 203.801529, 221.937286, 107.881844, 215.763687, 240.558472, 271.888367, 294.79538, 1, 1954, 2022),
(46, '1108910', 'WHITE ROCK CAMPBELL SCIENTIFIC', 49.0200000000000031, -122.780000000000001, NULL, '0101000020E610000052B81E85EBB15EC0C3F5285C8F824840', 38.8632164, 77.7264328, 87.6656952, 100.764618, 110.724045, 50.8606224, 101.721245, 114.530022, 131.228699, 143.837875, 1, 1929, 2022),
(47, '1125079', 'MERRITT STP', 50.1099999999999994, -120.799999999999997, NULL, '0101000020E61000003333333333335EC0AE47E17A140E4940', 17.9891281, 35.9782562, 40.8743362, 47.3204231, 52.2404213, 20.6721687, 41.3443375, 46.8804245, 54.1165085, 59.5986786, 1, 1968, 2022),
(48, '21091', 'WALLOPER', 50.5289700000000011, -120.479879999999994, NULL, '0101000020E610000049809A5AB61E5EC05648F949B5434940', 20.3970604, 40.7941208, 46.1880531, 53.2889481, 58.6898422, 24.0434017, 48.0868034, 54.3446655, 62.4994888, 68.650383, 3, 2001, 2022),
(49, '31092', 'Beasley Bluffs', 49.487720000000003, -117.41986, NULL, '0101000020E610000082397AFCDE5A5DC075CDE49B6DBE4840', 19.6395264, 39.2790527, 44.7846794, 52.1049881, 57.7418633, 27.0120239, 54.0240479, 61.023735, 70.1334229, 77.0002975, 3, 2011, 2022),
(50, '1021830', 'COMOX A', 49.7199999999999989, -124.900000000000006, NULL, '0101000020E61000009A99999999395FC05C8FC2F528DC4840', 44.4983368, 88.9966736, 100.399963, 115.40229, 126.807487, 58.6363449, 117.27269, 132.044052, 151.294449, 165.818695, 1, 1944, 2022),
(51, '22123', 'SQUILAX', 50.8727799999999988, -119.571110000000004, NULL, '0101000020E6100000CA1AF5108DE45DC02B4D4A41B76F4940', 16.4164448, 32.8328896, 37.8302841, 44.5897713, 49.8713684, 22.3438721, 44.6877441, 51.0830307, 59.5804214, 66.124115, 3, 1996, 2022),
(52, '33122', 'PAULSON SUMMIT', 49.2436799999999977, -118.052049999999994, NULL, '0101000020E61000006FF085C954835DC03A58FFE7309F4840', 25.1063957, 50.2127914, 56.593502, 64.9813461, 71.3684921, 32.9996262, 65.9992523, 73.9063873, 84.1170959, 91.7378006, 3, 1996, 2022),
(53, '4A37P', 'McQue Terrace', 56.9814999999999969, -123.404169999999993, NULL, '0101000020E61000008E01D9EBDDD95EC01283C0CAA17D4C40', 35.5104561, 71.0209122, 82.7807846, 98.4143982, 110.425285, 44.108963, 88.217926, 101.979843, 120.015495, 133.667068, 2, 2000, 2005),
(54, '39121', 'KOOTENAY PASS', 49.0580599999999976, -117.040000000000006, NULL, '0101000020E6100000C3F5285C8F425DC0569A94826E874840', 27.0562534, 54.1125069, 60.9975052, 70.0950089, 77.0625076, 37.3737526, 74.7475052, 83.4875107, 94.757515, 103.170013, 3, 1996, 2022),
(55, '34091', 'Monashee Pass', 50.050930000000001, -118.397049999999993, NULL, '0101000020E61000001D38674469995DC05131CEDF84064940', 21.570097, 43.1401939, 49.0218735, 56.8235588, 62.8023224, 29.7886848, 59.5773697, 67.0761337, 76.7836533, 84.059494, 3, 2014, 2022),
(56, '1021261', 'CAMPBELL RIVER A', 49.9500000000000028, -125.269999999999996, NULL, '0101000020E6100000E17A14AE47515FC09A99999999F94840', 50.5451012, 101.090202, 113.728806, 130.257935, 142.763031, 66.9942322, 133.988464, 150.394608, 171.644272, 187.552872, 1, 1965, 2022),
(57, '1123970', 'KELOWNA A', 49.9600000000000009, -119.379999999999995, NULL, '0101000020E6100000B81E85EB51D85DC07B14AE47E1FA4840', 17.0096493, 34.0192986, 38.9344406, 45.5147285, 50.5923004, 20.4672203, 40.9344406, 46.6795845, 54.2923012, 60.1298714, 1, 1968, 2022),
(58, '15392', 'Allison Pass', 49.1156399999999991, -120.867440000000002, NULL, '0101000020E610000081CF0F2384375EC0020EA14ACD8E4840', 44.833828, 89.6676559, 101.866562, 117.791061, 129.804382, 58.9128189, 117.825638, 133.505737, 153.751404, 168.873962, 3, 2003, 2022),
(59, '1014820', 'MALAHAT', 48.5700000000000003, -123.530000000000001, NULL, '0101000020E610000052B81E85EBE15EC0295C8FC2F5484840', 47.2336769, 94.4673538, 106.807381, 122.941711, 135.13533, 62.3726425, 124.745285, 140.703186, 161.348969, 176.80043, 1, 1920, 2022),
(60, '11092', 'Tantalus', 49.8434700000000035, -123.143389999999997, NULL, '0101000020E6100000B324404D2DC95EC01D9430D3F6EB4840', 78.5137634, 157.027527, 175.051697, 198.074509, 215.109406, 105.603844, 211.207687, 234.620056, 264.050934, 285.45462, 3, 2009, 2022),
(61, '23097', 'KALAMALKA LOOKOUT', 50.2111999999999981, -119.306070000000005, NULL, '0101000020E61000005A12A0A696D35DC02575029A081B4940', 19.1085148, 38.2170296, 43.4503937, 50.3771057, 55.6771355, 22.7752361, 45.5504723, 51.6405144, 59.6139069, 65.6672821, 3, 1998, 2022),
(62, '1068134', 'TERRACE A', 54.4699999999999989, -128.580000000000013, NULL, '0101000020E6100000C3F5285C8F1260C05C8FC2F5283C4B40', 53.5539665, 107.107933, 121.252937, 139.709381, 153.644073, 70.8513107, 141.702621, 160.016815, 183.652466, 201.298599, 1, 1953, 2022),
(63, '1173210', 'GOLDEN A', 51.2999999999999972, -116.980000000000004, NULL, '0101000020E61000001F85EB51B83E5DC06666666666A64940', 18.0740414, 36.1480827, 41.6415024, 48.9683342, 54.6249199, 24.6994171, 49.3988342, 56.3722496, 65.482254, 72.3622513, 1, 1902, 2022),
(64, '25093', 'LARSON HILL', 49.8311100000000025, -120.935000000000002, NULL, '0101000020E6100000A4703D0AD73B5EC075B0FECF61EA4840', 28.3151989, 56.6303978, 64.3640518, 74.6383362, 82.5367126, 34.9943886, 69.9887772, 79.4307022, 91.9168167, 101.464645, 3, 2000, 2022),
(65, '1154410', 'KOOTENAY NP WEST GATE', 50.6300000000000026, -116.060000000000002, NULL, '0101000020E6100000A4703D0AD7035DC0713D0AD7A3504940', 19.6334267, 39.2668533, 45.4028091, 53.618763, 60.0047188, 26.9239883, 53.8479767, 61.7025833, 72.0371933, 79.9058456, 1, 1968, 2022),
(66, '63093', 'COCHRANE', 49.3705599999999976, -124.616110000000006, NULL, '0101000020E6100000452FA3586E275FC0569A94826EAF4840', 53.0979309, 106.195862, 119.870209, 137.709457, 151.177719, 70.4782944, 140.956589, 158.710754, 181.62355, 198.742981, 3, 2000, 2022),
(67, '3B24P', 'Heather Mountain', 48.9438699999999969, -124.452110000000005, NULL, '0101000020E6100000740CC85EEF1C5FC077D66EBBD0784840', 92.1788559, 184.357712, 205.697342, 232.994324, 253.19017, 124.441406, 248.882812, 276.733368, 311.767883, 337.264313, 2, 2000, 2005),
(68, '114741', 'LYTTON 2', 50.259999999999998, -121.609999999999999, NULL, '0101000020E6100000D7A3703D0A675EC0E17A14AE47214940', 23.6896019, 47.3792038, 54.1929054, 63.2808151, 70.2989731, 28.5022163, 57.0044327, 65.1287231, 75.9116821, 84.2004242, 1, 1944, 2022),
(69, '10476F0', 'SQUAMISH AIRPORT', 49.7800000000000011, -123.159999999999997, NULL, '0101000020E61000000AD7A3703DCA5EC0A4703D0AD7E34840', 68.562767, 137.125534, 153.308075, 174.145828, 189.672729, 91.8687439, 183.737488, 204.780884, 231.492096, 251.109848, 1, 1982, 2022),
(70, '1073615', 'HOUSTON', 54.3999999999999986, -126.670000000000002, NULL, '0101000020E61000007B14AE47E1AA5FC03333333333334B40', 22.0499992, 44.0999985, 51.5, 61.5900002, 69.536377, 26.2412968, 52.4825935, 61.1853485, 73.0272369, 82.3455124, 1, 1957, 2022),
(71, '14094', 'Ricemill Road', 49.1267100000000028, -123.079470000000001, NULL, '0101000020E6100000D7C0560916C55EC0C009850838904840', 38.5671082, 77.1342163, 87.2985001, 100.703247, 110.945145, 50.4323349, 100.86467, 113.947037, 131.085114, 144.057495, 3, 2014, 2022),
(72, '1016335', 'PORT RENFREW', 48.5900000000000034, -124.329999999999998, NULL, '0101000020E610000085EB51B81E155FC0EC51B81E854B4840', 114.523735, 229.04747, 258.277344, 296.535797, 325.505981, 155.240662, 310.481323, 349.314514, 399.63092, 437.354645, 1, 1970, 2022),
(73, '1016940', 'SAANICHTON CDA', 48.6199999999999974, -123.420000000000002, NULL, '0101000020E61000007B14AE47E1DA5EC08FC2F5285C4F4840', 38.2260666, 76.4521332, 86.9014053, 100.715172, 111.262184, 49.9233437, 99.8466873, 113.29496, 130.924484, 144.308258, 1, 1914, 2022),
(74, '1101708', 'CLOVERDALE EAST', 49.1099999999999994, -122.700000000000003, NULL, '0101000020E6100000CDCCCCCCCCAC5EC0AE47E17A148E4840', 47.9892845, 95.978569, 107.943733, 123.654282, 135.586761, 63.478653, 126.957306, 142.497849, 162.712814, 177.927017, 1, 1964, 2022),
(75, '51191', 'Cranberry Junction', 55.6322199999999967, -128.672779999999989, NULL, '0101000020E6100000E42CEC69871560C045F0BF95ECD04B40', 24.8093109, 49.6186218, 57.1654816, 67.0692062, 74.592926, 30.2980328, 60.5960655, 69.1760712, 80.2266541, 88.443512, 3, 2002, 2022),
(76, '1030230', 'ALBERNI ROBERTSON CREEK', 49.3400000000000034, -124.980000000000004, NULL, '0101000020E61000001F85EB51B83E5FC0EC51B81E85AB4840', 72.1951523, 144.390305, 161.407288, 183.220444, 199.408936, 96.8722839, 193.744568, 215.837708, 243.73703, 264.124023, 1, 1961, 2022),
(77, '25092', 'HELMER LAKE', 50.3208300000000008, -120.636610000000005, NULL, '0101000020E61000009F93DE37BE285EC0B0C91AF510294940', 20.8500195, 41.7000389, 47.2208405, 54.4720459, 59.9928513, 24.6770267, 49.3540535, 55.7656631, 64.1272659, 70.4384689, 3, 1998, 2022),
(78, '11790J1', 'YOHO PARK', 51.4399999999999977, -116.340000000000003, NULL, '0101000020E6100000F6285C8FC2155DC0B81E85EB51B84940', 24.9615021, 49.9230042, 57.7332115, 68.1736221, 76.2540359, 34.5548553, 69.1097107, 79.2503281, 92.6011505, 102.74218, 1, 1992, 2022),
(79, '42091', 'Dragon Lake', 52.9307799999999986, -122.438810000000004, NULL, '0101000020E610000019CA8976159C5EC0ACE28DCC23774A40', 21.3851299, 42.7702599, 48.4702606, 55.9902611, 61.7302589, 26.0433769, 52.0867538, 58.8467522, 67.6606293, 74.3183823, 3, 2003, 2022),
(80, '3A29P', 'Loch Lamond', 49.5919999999999987, -123.044399999999996, NULL, '0101000020E610000050FC1873D7C25EC0B29DEFA7C6CB4840', 92.7095642, 185.419128, 206.741394, 234.235413, 254.735916, 125.196724, 250.393448, 278.369202, 313.923218, 340.068451, 2, 2000, 2005),
(81, '1011500', 'CHEMAINUS', 48.9399999999999977, -123.739999999999995, NULL, '0101000020E61000008FC2F5285CEF5EC0B81E85EB51784840', 42.4884605, 84.9769211, 96.2090683, 110.988731, 122.227127, 55.8237991, 111.647598, 126.163109, 145.066116, 159.322021, 1, 1919, 2022),
(82, '3A09P', 'Palisade Lake', 49.4544399999999982, -123.031940000000006, NULL, '0101000020E6100000CBDB114E0BC25EC043FF04172BBA4840', 109.313499, 218.626999, 243.550217, 275.720428, 299.743652, 148.122269, 296.244537, 329.072418, 370.862701, 401.645203, 2, 2000, 2005),
(83, '1D17P', 'Chilliwack River', 49.0169399999999982, -121.711669999999998, NULL, '0101000020E6100000D6E253008C6D5EC043FF04172B824840', 63.0477867, 126.095573, 141.137711, 160.540176, 175.011978, 84.2476807, 168.495361, 188.028168, 212.851364, 231.103577, 2, 2000, 2005),
(84, '54091', 'HUNGRY HILL', 54.4819400000000016, -126.743610000000004, NULL, '0101000020E6100000A1BE654E97AF5FC02F51BD35B03D4B40', 22.8938141, 45.7876282, 53.2516136, 63.2907295, 71.103569, 27.5776653, 55.1553307, 63.8407326, 75.4301224, 84.3769455, 3, 2001, 2022),
(85, '1145M29', 'NELSON CS', 49.490000000000002, -117.310000000000002, NULL, '0101000020E6100000A4703D0AD7535DC01F85EB51B8BE4840', 19.0337543, 38.0675087, 43.4006348, 50.4890709, 55.9462624, 26.1393814, 52.2787628, 59.057827, 67.8715744, 74.5034485, 1, 1992, 2022),
(86, '46094', 'CHAPPEL CREEK', 52.3855599999999981, -119.180080000000004, NULL, '0101000020E61000007AAA436E86CB5DC0A852B3075A314A40', 21.7184277, 43.4368553, 49.3207283, 57.1280632, 63.1219368, 30.0074387, 60.0148773, 67.5139542, 77.2347641, 84.5038376, 3, 2000, 2022),
(87, '2G03P', 'Blackwall Peak', 49.0847199999999972, -120.779439999999994, NULL, '0101000020E61000006E4C4F58E2315EC097A8DE1AD88A4840', 45.471344, 90.942688, 103.569626, 120.197098, 132.854034, 59.5320816, 119.064163, 135.321762, 156.545105, 172.577652, 2, 2000, 2005),
(88, '26224', 'CAYOOSH SUMMIT', 50.3797799999999967, -122.474029999999999, NULL, '0101000020E6100000AAD4EC81569E5EC062D68BA19C304940', 35.9235611, 71.8471222, 82.5727844, 97.081459, 108.4505, 45.4283218, 90.8566437, 104.395195, 122.710022, 137.038696, 3, 1997, 2022),
(89, '36124', 'MORRISSEY', 49.3900000000000006, -115.023060000000001, NULL, '0101000020E61000002176A6D079C15CC052B81E85EBB14840', 26.449007, 52.8980141, 60.2530441, 69.9080734, 77.2430954, 35.584034, 71.1680679, 80.2280731, 91.7905807, 100.333099, 3, 1997, 2022),
(90, '2F19P', 'Oyama Lake', 50.1163299999999978, -119.278999999999996, NULL, '0101000020E610000060E5D022DBD15DC097C5C4E6E30E4940', 23.4134483, 46.8268967, 53.0427094, 61.239994, 67.5058136, 30.2487946, 60.4975891, 68.1334839, 78.0522461, 85.499527, 2, 2000, 2005),
(91, '1036B06', 'PORT ALBERNI (AUT)', 49.3200000000000003, -124.930000000000007, NULL, '0101000020E6100000EC51B81E853B5FC0295C8FC2F5A84840', 67.9632492, 135.926498, 151.989609, 172.593582, 187.886673, 91.0302887, 182.060577, 202.889771, 229.205078, 248.429062, 1, 1992, 2022),
(92, '1025370', 'NANAIMO A', 49.0499999999999972, -123.870000000000005, NULL, '0101000020E610000048E17A14AEF75EC06666666666864840', 40.9287643, 81.8575287, 92.8300323, 107.265045, 118.242546, 53.6612701, 107.32254, 121.462555, 139.900055, 153.807556, 1, 1947, 2022),
(93, '1126510', 'PRINCETON A', 49.4699999999999989, -120.510000000000005, NULL, '0101000020E6100000713D0AD7A3205EC05C8FC2F528BC4840', 22.8160763, 45.6321526, 52.9832001, 63.0132637, 70.9138184, 27.1413536, 54.2827072, 63.0532646, 75.0188522, 84.4584198, 1, 1936, 2022),
(94, '1098941', 'WILLIAMS LAKE A', 52.1799999999999997, -122.049999999999997, NULL, '0101000020E61000003333333333835EC0D7A3703D0A174A40', 20.394825, 40.78965, 46.1466331, 53.1743736, 58.5221138, 24.0556793, 48.1113586, 54.3083458, 62.3938217, 68.4808044, 1, 1960, 2022),
(95, '10253G0', 'NANAIMO CITY YARD', 49.2000000000000028, -123.989999999999995, NULL, '0101000020E61000008FC2F5285CFF5EC09A99999999994840', 39.7268181, 79.4536362, 90.007309, 103.896362, 114.466103, 52.0166817, 104.033363, 117.618149, 135.340103, 148.72522, 1, 1981, 2022),
(96, '25221', 'COQUIHALLA SUMMIT', 49.5940999999999974, -121.09948, NULL, '0101000020E6100000CAA65CE15D465EC0DC4603780BCC4840', 58.0412254, 116.082451, 130.412872, 148.954941, 162.838272, 77.1699677, 154.339935, 172.886169, 196.567001, 214.071991, 3, 1995, 2022),
(97, '64093', 'NORTH COURTENAY', 49.8300300000000007, -125.190060000000003, NULL, '0101000020E6100000C7116BF1294C5FC075594C6C3EEA4840', 54.1107712, 108.221542, 121.754005, 139.410019, 152.730118, 71.9062424, 143.812485, 161.402039, 184.106323, 201.049973, 3, 2001, 2022),
(98, '2F05P', 'Mission Creek', 49.9488899999999987, -118.948890000000006, NULL, '0101000020E610000018601F9DBABC5DC02FC03E3A75F94840', 22.915781, 45.831562, 51.9675255, 60.0964699, 66.3324356, 31.7339344, 63.4678688, 71.296814, 81.4287415, 89.0111923, 2, 2000, 2005),
(99, '1D18P', 'Disappointment Lake', 49.5549999999999997, -122.758330000000001, NULL, '0101000020E6100000D8648D7A88B05EC0D7A3703D0AC74840', 124.612289, 249.224579, 277.764648, 314.295898, 341.351227, 169.195618, 338.391235, 375.868378, 423.063171, 457.450287, 2, 2000, 2005),
(100, '1C29P', 'Shovelnose Mountain', 49.85595, -120.862889999999993, NULL, '0101000020E6100000E882FA9639375EC06F8104C58FED4840', 28.0504856, 56.1009712, 63.4117203, 73.0528488, 80.4038162, 34.6805611, 69.3611221, 78.2620239, 89.8935928, 98.7048645, 2, 2000, 2005),
(101, '1145460', 'NEW DENVER', 50, -117.370000000000005, NULL, '0101000020E610000048E17A14AE575DC00000000000004940', 19.7759705, 39.5519409, 45.0024948, 52.2336044, 57.7944374, 27.2112465, 54.422493, 61.343605, 70.3349915, 77.0858231, 1, 1924, 2022),
(102, '1160899', 'BLUE RIVER A', 52.1300000000000026, -119.290000000000006, NULL, '0101000020E6100000C3F5285C8FD25DC0713D0AD7A3104A40', 22.2316914, 44.4633827, 50.4814796, 58.4495773, 64.5676727, 30.745985, 61.4919701, 69.1600723, 79.0872192, 86.5243683, 1, 1969, 2022),
(103, '29094', 'Brenda Mine', 49.869729999999997, -119.936859999999996, NULL, '0101000020E61000008E3BA583F5FB5DC0CF2C095053EF4840', 24.0992603, 48.1985207, 54.2905769, 62.2546921, 68.2888107, 29.2373466, 58.4746933, 65.7098389, 75.0939484, 82.1380692, 3, 2017, 2022),
(104, '25095', 'Comstock', 50.0174900000000022, -120.836079999999995, NULL, '0101000020E6100000BD35B05582355EC0E700C11C3D024940', 23.3245373, 46.6490746, 52.7015266, 60.6405029, 66.6753311, 28.1299858, 56.2599716, 63.4226151, 72.7386017, 79.7459946, 3, 2016, 2022),
(105, '41091', 'WEST TWIN CREEK', 53.4398800000000023, -120.507090000000005, NULL, '0101000020E61000003C889D2974205EC00E15E3FC4DB84A40', 21.1459618, 42.2919235, 48.168335, 55.991375, 62.0000687, 29.1723671, 58.3447342, 65.8433151, 75.5929871, 82.9261398, 3, 2001, 2022),
(106, '15093', 'Nicolum Creek', 49.3629000000000033, -121.356380000000001, NULL, '0101000020E6100000B43C0FEECE565EC0F5DBD78173AE4840', 55.8921242, 111.784248, 125.867958, 144.071442, 157.695374, 74.2916107, 148.583221, 166.796478, 190.02951, 207.173111, 3, 2002, 2022),
(107, '2F18P', 'Brenda Mine', 49.8811099999999996, -119.982780000000005, NULL, '0101000020E61000006DCA15DEE5FE5DC0DB166536C8F04840', 24.1710205, 48.342041, 54.379715, 62.2780342, 68.2557068, 29.3467884, 58.6935768, 65.881897, 75.1808548, 82.1491776, 2, 2000, 2005),
(108, '33093', 'ANARCHIST SUMMIT', 49.0052000000000021, -119.314580000000007, NULL, '0101000020E610000072FE261422D45DC038F8C264AA804840', 21.6049995, 43.2099991, 48.6500015, 55.7900009, 61.2099991, 25.7950001, 51.5900002, 57.9700012, 66.2600021, 72.5, 3, 2000, 2022),
(109, '1100120', 'AGASSIZ CDA', 49.240000000000002, -121.760000000000005, NULL, '0101000020E6100000713D0AD7A3705EC01F85EB51B89E4840', 56.9352303, 113.870461, 128.09906, 146.496246, 160.255554, 75.7760239, 151.552048, 169.982117, 193.484299, 210.82933, 1, 1889, 2022),
(110, '22096', 'MALAKWA', 50.9341599999999985, -118.788659999999993, NULL, '0101000020E610000074EACA6779B25DC09D9D0C8E92774940', 19.2998562, 38.5997124, 44.1364403, 51.533165, 57.2454376, 26.5094891, 53.0189781, 60.0801582, 69.326889, 76.3202515, 3, 1999, 2022),
(111, '15394', 'Similkameen Falls', 49.166089999999997, -120.567840000000004, NULL, '0101000020E61000001557957D57245EC0A818E76F42954840', 35.7913513, 71.5827026, 82.8432312, 98.1439133, 110.175873, 45.2186089, 90.4372177, 104.670807, 124.034637, 139.259659, 3, 2022, 2022),
(112, '1152850', 'FERNIE', 49.490000000000002, -115.069999999999993, NULL, '0101000020E610000014AE47E17AC45CC01F85EB51B8BE4840', 29.1846905, 58.369381, 66.2771988, 76.641571, 84.5093765, 39.8657837, 79.7315674, 89.6053162, 102.169693, 111.438141, 1, 1913, 2022),
(113, '1125766', 'OLIVER STP', 49.1799999999999997, -119.540000000000006, NULL, '0101000020E6100000C3F5285C8FE25DC0D7A3703D0A974840', 17.8543015, 35.7086029, 40.5784492, 47.0081367, 51.9079857, 20.4839935, 40.9679871, 46.4676743, 53.6673622, 59.1172066, 1, 1924, 2022),
(114, '15092', 'Bradner Road', 49.075560000000003, -122.425280000000001, NULL, '0101000020E610000025E99AC9379B5EC0617138F3AB894840', 51.1995163, 102.399033, 114.805527, 131.037155, 143.333664, 67.9375076, 135.875015, 152.012878, 172.930725, 188.614792, 3, 2005, 2022),
(115, '116FRMN', 'SALMON ARM CS', 50.7000000000000028, -119.290000000000006, NULL, '0101000020E6100000C3F5285C8FD25DC09A99999999594940', 17.1318207, 34.2636414, 39.290432, 46.0425835, 51.286335, 22.5178947, 45.0357895, 51.3025818, 59.5870514, 65.9254456, 1, 1991, 2022),
(116, '1100032', 'ABBOTSFORD A', 49.0300000000000011, -122.359999999999999, NULL, '0101000020E6100000D7A3703D0A975EC0A4703D0AD7834840', 46.6723099, 93.3446198, 104.973717, 120.222565, 131.791748, 61.6543503, 123.308701, 138.38739, 157.965836, 172.684753, 1, 1944, 2022),
(117, '64091', 'Tsitika Summit', 50.2823599999999971, -126.355279999999993, NULL, '0101000020E6100000103B53E8BC965FC06AD95A5F24244940', 67.1666946, 134.333389, 150.090271, 170.291168, 185.27243, 89.9378891, 179.875778, 200.298676, 226.063995, 244.877686, 3, 2003, 2022),
(118, '11191', 'Eagle Ridge', 49.3718599999999981, -123.269689999999997, NULL, '0101000020E6100000BA83D89942D15EC06458C51B99AF4840', 52.110981, 104.221962, 116.823837, 133.307449, 145.771683, 69.1893234, 138.378647, 154.766174, 175.986816, 191.872787, 3, 2009, 2022),
(119, '1043152', 'GIBSONS GOWER POINT', 49.3900000000000006, -123.540000000000006, NULL, '0101000020E6100000C3F5285C8FE25EC052B81E85EBB14840', 41.9449997, 83.8899994, 94.4100037, 108.220001, 118.720001, 55.1300011, 110.260002, 123.839996, 141.520004, 154.830002, 1, 1961, 2022),
(120, '1096468', 'PRINCE GEORGE STP', 53.8800000000000026, -122.769999999999996, NULL, '0101000020E6100000E17A14AE47B15EC0713D0AD7A3F04A40', 22.7495403, 45.4990807, 51.2686195, 58.8381615, 64.5676956, 27.3593102, 54.7186203, 61.5281601, 70.3676987, 76.9972382, 1, 1975, 2022),
(121, '35092', 'MOYIE', 49.3261099999999999, -115.828890000000001, NULL, '0101000020E6100000D07EA4880CF55CC00473F4F8BDA94840', 20.9549561, 41.9099121, 48.299469, 56.8190269, 63.4011955, 27.6255989, 55.2511978, 63.0807533, 73.3029251, 81.0303116, 3, 2001, 2022),
(122, '1018621', 'VICTORIA INTL A', 48.6499999999999986, -123.430000000000007, NULL, '0101000020E6100000EC51B81E85DB5EC03333333333534840', 38.2521896, 76.5043793, 86.9299316, 100.69503, 111.217987, 49.9552917, 99.9105835, 113.328278, 130.898972, 144.232346, 1, 1940, 2022),
(123, '1113543', 'HOPE A', 49.3699999999999974, -121.5, NULL, '0101000020E61000000000000000605EC08FC2F5285CAF4840', 60.6453362, 121.290672, 136.390488, 155.867752, 170.397568, 80.894371, 161.788742, 181.35347, 206.241913, 224.552902, 1, 1934, 2022),
(124, '14095', 'Alex Fraser Bridge', 49.160029999999999, -122.943079999999995, NULL, '0101000020E6100000BF60376C5BBC5EC07F30F0DC7B944840', 46.7842865, 93.568573, 105.524513, 121.255959, 133.233871, 61.7957458, 123.591492, 139.116318, 159.372696, 174.658783, 3, 2014, 2022),
(125, '38124', 'CLANWILLIAM', 50.9624799999999993, -118.377769999999998, NULL, '0101000020E61000003CDA38622D985DC0EC866D8B327B4940', 25.1212387, 50.2424774, 56.7367744, 65.3425064, 71.944046, 34.92836, 69.85672, 78.169693, 88.9258347, 96.9670715, 3, 1999, 2022),
(126, '1038332', 'UCLUELET KENNEDY CAMP', 48.9500000000000028, -125.530000000000001, NULL, '0101000020E610000052B81E85EB615FC09A99999999794840', 84.0573502, 168.1147, 188.863373, 216.023743, 236.592422, 113.241211, 226.482422, 253.88298, 289.392426, 316.019562, 1, 1964, 2022),
(127, '1086082', 'PEMBERTON AIRPORT CS', 50.3100000000000023, -122.730000000000004, NULL, '0101000020E61000001F85EB51B8AE5EC048E17A14AE274940', 33.7964859, 67.5929718, 77.3753357, 90.4154434, 100.451836, 43.0644836, 86.1289673, 98.4680252, 114.817825, 127.346146, 1, 1984, 2022),
(128, '1D08P', 'Lamont Creek', 49.5819100000000006, -122.314279999999997, NULL, '0101000020E61000005C72DC291D945EC0919BE1067CCA4840', 96.1127396, 192.225479, 214.230209, 242.303207, 263.027954, 129.872482, 259.744965, 288.447937, 324.439178, 350.570435, 2, 2000, 2005),
(129, '46127', 'ROBSON ROADSIDE', 53.0330299999999966, -119.200299999999999, NULL, '0101000020E6100000E25817B7D1CC5DC0B8E4B8533A844A40', 20.0965176, 40.1930351, 46.0740509, 53.9050598, 59.9314232, 27.6245785, 55.249157, 62.7396889, 72.492897, 79.8319244, 3, 1994, 2022),
(130, '1105192', 'MISSION WEST ABBEY', 49.1499999999999986, -122.269999999999996, NULL, '0101000020E6100000E17A14AE47915EC03333333333934840', 55.5437698, 111.08754, 124.296852, 141.538483, 154.546844, 73.9323807, 147.864761, 165.067169, 187.262527, 203.833527, 1, 1962, 2022),
(131, '1101158', 'BURNABY SIMON FRASER U', 49.2800000000000011, -122.920000000000002, NULL, '0101000020E61000007B14AE47E1BA5EC0A4703D0AD7A34840', 59.065094, 118.130188, 132.391953, 151.036087, 165.14003, 78.7780685, 157.556137, 176.197021, 200.301407, 218.348816, 1, 1965, 2022),
(132, '1038205', 'TOFINO A', 49.0799999999999983, -125.769999999999996, NULL, '0101000020E6100000E17A14AE47715FC00AD7A3703D8A4840', 87.1995392, 174.399078, 195.649933, 223.431046, 244.435684, 117.584709, 235.169418, 263.236755, 299.543304, 326.712006, 1, 1942, 2022),
(133, '1163781', 'KAMLOOPS A', 50.7000000000000028, -120.439999999999998, NULL, '0101000020E61000005C8FC2F5281C5EC09A99999999594940', 16.5718651, 33.1437302, 37.6730995, 43.6521606, 48.2215347, 18.7006111, 37.4012222, 42.4335098, 49.029026, 54.0213165, 1, 1951, 2022),
(134, '1090660', 'BARKERVILLE', 53.0700000000000003, -121.510000000000005, NULL, '0101000020E6100000713D0AD7A3605EC0295C8FC2F5884A40', 21.3123779, 42.6247559, 48.2989655, 55.8188629, 61.5759163, 29.4385929, 58.8771858, 66.0970764, 75.4355087, 82.422554, 1, 1888, 2022),
(135, '1015105', 'METCHOSIN', 48.3699999999999974, -123.560000000000002, NULL, '0101000020E6100000A4703D0AD7E35EC08FC2F5285C2F4840', 42.0823936, 84.1647873, 95.4856644, 110.434914, 121.859261, 55.2557564, 110.511513, 125.160362, 144.353729, 158.899918, 1, 1911, 2022),
(136, '1D19P', 'Spuzzum', 49.6608299999999971, -121.660839999999993, NULL, '0101000020E6100000DFF8DA334B6A5EC09B1BD31396D44840', 70.2788849, 140.55777, 157.183563, 178.514908, 194.347916, 94.2237854, 188.447571, 210.035278, 237.298538, 257.230713, 2, 2000, 2005),
(137, '112G8L1', 'SUMMERLAND CS', 49.5600000000000023, -119.650000000000006, NULL, '0101000020E61000009A99999999E95DC048E17A14AEC74840', 17.1996574, 34.3993149, 39.0845947, 45.2645798, 49.9792747, 19.5752258, 39.1504517, 44.4021988, 51.2792358, 56.4792213, 1, 1990, 2022),
(138, '1168520', 'VAVENBY', 51.5799999999999983, -119.780000000000001, NULL, '0101000020E610000052B81E85EBF15DC00AD7A3703DCA4940', 15.2756824, 30.5513649, 35.2142105, 41.5269737, 46.4598961, 20.7078304, 41.4156609, 47.3650436, 55.2710381, 61.3606567, 1, 1913, 2022),
(139, '3A25P', 'Squamish River Upper', 50.1525000000000034, -123.440550000000002, NULL, '0101000020E61000002E90A0F831DC5EC0EC51B81E85134940', 71.0879059, 142.175812, 158.62088, 179.671692, 195.273743, 95.3546371, 190.709274, 212.042099, 238.921448, 258.519012, 2, 2000, 2005),
(140, '31091', 'HALL CREEK', 49.3733300000000028, -117.242500000000007, NULL, '0101000020E6100000EC51B81E854F5DC0CF4E0647C9AF4840', 22.8146248, 45.6292496, 51.6067047, 59.5216103, 65.5927887, 31.6088486, 63.2176971, 70.8426056, 80.7012329, 88.0824203, 3, 2000, 2022),
(141, '1107876', 'SURREY MUNICIPAL HALL', 49.1099999999999994, -122.829999999999998, NULL, '0101000020E610000085EB51B81EB55EC0AE47E17A148E4840', 44.417141, 88.8342819, 100.011169, 114.706131, 125.866676, 58.5427513, 117.085503, 131.556808, 150.402512, 164.61113, 1, 1962, 2022),
(142, '1048898', 'WHISTLER', 50.1300000000000026, -122.950000000000003, NULL, '0101000020E6100000CDCCCCCCCCBC5EC0713D0AD7A3104940', 48.0875206, 96.1750412, 108.618835, 124.735405, 136.807373, 63.5323372, 127.064674, 143.083069, 163.556061, 178.68898, 1, 1976, 2022),
(143, '1026565', 'QUALICUM R FISH RESEARCH', 49.3900000000000006, -124.620000000000005, NULL, '0101000020E610000048E17A14AE275FC052B81E85EBB14840', 53.892746, 107.785492, 121.631012, 139.685165, 153.300873, 71.5711594, 143.142319, 161.12764, 184.315338, 201.60968, 1, 1962, 2022),
(144, '21123', 'BARRIERE', 51.1127099999999999, -120.135819999999995, NULL, '0101000020E610000022895E46B1085EC051F701486D8E4940', 18.7518425, 37.503685, 42.8952827, 50.0990944, 55.6723747, 23.8867188, 47.7734375, 54.3394623, 62.9976997, 69.6092987, 3, 1999, 2022),
(145, '1192946', 'FORT NELSON A', 58.8400000000000034, -122.599999999999994, NULL, '0101000020E61000006666666666A65EC0EC51B81E856B4D40', 31.1935883, 62.3871765, 72.6478958, 86.2486191, 96.669342, 38.4943085, 76.9886169, 88.8993378, 104.433632, 116.137924, 1, 1937, 2022),
(146, '1077498', 'SMITHERS A', 54.8299999999999983, -127.180000000000007, NULL, '0101000020E6100000EC51B81E85CB5FC00AD7A3703D6A4B40', 22.221138, 44.442276, 51.7279053, 61.4549103, 68.9605408, 26.8767662, 53.7535324, 62.0862885, 73.067543, 81.423172, 1, 1942, 2022),
(147, '28093', 'BEGBIE SUMMIT', 51.4761099999999985, -121.370829999999998, NULL, '0101000020E61000000B98C0ADBB575EC037A6272CF1BC4940', 20.5518551, 41.1037102, 46.5537491, 53.7071381, 59.157177, 24.2602615, 48.5205231, 54.8355827, 63.0739937, 69.2873764, 3, 2000, 2022),
(148, '1096629', 'QUESNEL', 53.0300000000000011, -122.510000000000005, NULL, '0101000020E6100000713D0AD7A3A05EC0A4703D0AD7834A40', 21.6601448, 43.3202896, 49.0633812, 56.6436729, 62.4110298, 26.2277203, 52.4554405, 59.2414703, 68.0947037, 74.7707367, 1, 2010, 2022),
(149, '1125852', 'OSOYOOS CS', 49.0300000000000011, -119.439999999999998, NULL, '0101000020E61000005C8FC2F528DC5DC0A4703D0AD7834840', 18.2579594, 36.5159187, 41.3463326, 47.7170715, 52.5974846, 21.1041527, 42.2083054, 47.6991272, 54.9101181, 60.3808556, 1, 1990, 2022),
(150, '1128584', 'VERNON SILVER STAR LODGE', 50.3599999999999994, -119.060000000000002, NULL, '0101000020E6100000A4703D0AD7C35DC0AE47E17A142E4940', 23.54492, 47.0898399, 53.1871185, 61.2239456, 67.3440628, 30.8749905, 61.7499809, 69.2915802, 79.0398788, 86.3219299, 1, 1970, 2022);
UPDATE data.sentinels SET elevation_m = 300;


INSERT INTO data.climate_normals_1991_2020 (
	watershed_feature_id,
	month,
	unit_id,
	value
) VALUES
(9184965,1,1,42.8461538461538),
(9184965,2,1,23.9230769230769),
(9184965,3,1,22.6153846153846),
(9184965,4,1,24.1538461538462),
(9184965,5,1,28.1538461538462),
(9184965,6,1,35.3846153846154),
(9184965,7,1,25.2307692307692),
(9184965,8,1,21),
(9184965,9,1,23.6153846153846),
(9184965,10,1,37.1538461538462),
(9184965,11,1,45.3076923076923),
(9184965,12,1,48.0769230769231),
(7948635,1,1,29.5294117647059),
(7948635,2,1,17.1764705882353),
(7948635,3,1,16),
(7948635,4,1,17.2941176470588),
(7948635,5,1,23.5882352941176),
(7948635,6,1,34.0588235294118),
(7948635,7,1,22.3529411764706),
(7948635,8,1,19.3529411764706),
(7948635,9,1,22),
(7948635,10,1,26.1176470588235),
(7948635,11,1,32.6470588235294),
(7948635,12,1,33.5882352941176),
(8925604,1,1,35.5),
(8925604,2,1,20.5625),
(8925604,3,1,18.375),
(8925604,4,1,18.5625),
(8925604,5,1,28.3125),
(8925604,6,1,35.25),
(8925604,7,1,24.8125),
(8925604,8,1,21.125),
(8925604,9,1,23.6875),
(8925604,10,1,27.875),
(8925604,11,1,38.25),
(8925604,12,1,39.8125),
(8927602,1,1,58.2857142857143),
(8927602,2,1,33.5238095238095),
(8927602,3,1,30.6666666666667),
(8927602,4,1,25.6190476190476),
(8927602,5,1,34.3809523809524),
(8927602,6,1,38.8095238095238),
(8927602,7,1,29.1904761904762),
(8927602,8,1,23.3809523809524),
(8927602,9,1,28.1428571428571),
(8927602,10,1,42.5238095238095),
(8927602,11,1,62.2857142857143),
(8927602,12,1,64.3333333333333),
(9981920,1,1,207),
(9981920,2,1,151.285714285714),
(9981920,3,1,149.142857142857),
(9981920,4,1,126),
(9981920,5,1,100.857142857143),
(9981920,6,1,81),
(9981920,7,1,51),
(9981920,8,1,51.2857142857143),
(9981920,9,1,78.5714285714286),
(9981920,10,1,159.428571428571),
(9981920,11,1,251.285714285714),
(9981920,12,1,189.714285714286);

INSERT INTO data.pf_grids_aep_rollup (
	watershed_feature_id,
	hr24_5yr,
	hr24_10yr,
	hr24_20yr,
	hr24_50yr,
	hr24_100yr,
	hr24_200yr,
	hr24_500yr,
	hr48_5yr,
	hr48_10yr,
	hr48_20yr,
	hr48_50yr,
	hr48_100yr,
	hr48_200yr,
	hr48_500yr
) VALUES
(9184965,31.8337,63.6674,72.0612,83.1223,91.5545,100.078,111.513,40.0699,80.1397,90.5362,104.125,114.401,124.72,138.455),
(7948635,30.136,60.2719,68.2122,78.6722,86.6433,94.6986,105.502,37.6893,75.3786,85.1484,97.9124,107.561,117.246,130.132),
(8925604,22.1822,44.3645,50.1519,57.7537,63.5292,69.3521,77.1364,26.5369,53.0738,59.8725,68.7224,75.3861,82.0525,90.8871),
(8927602,24.3403,48.6806,54.9034,63.0626,69.2506,75.478,83.788,29.552,59.1041,66.5163,76.1384,83.369,90.584,100.125),
(9981920,26.4338,53,60,70,77,84,94,34,68,76,88,97,105,117);


INSERT INTO data.assets (
	asset_name, 
	asset_description, 
	parent_id, 
	latitude, 
	longitude, 
	geom4326,
	watershed_feature_id, 
	aoi_geom4326,
	aoi_area_m2,
	land_disturbance_fire, -- 0 | 1 | 2 -- trigger
	land_disturbance_road, -- 0 | 1 | 2 -- trigger
	fire_past_2_years_m2,
	fire_past_5_years_m2,
	length_of_roads_m
) VALUES
('Bottletop West', 'bridge', 1, 49.760952 , -121.001396, ST_point(-121.001396,49.760952,4326), 8925604, ST_transform(ST_multi(ST_Buffer(ST_transform(ST_point(-121.001396,49.760952,4326),3005), 5000)),4326), ST_Area(ST_Buffer(ST_transform(ST_point(-121.001396,49.760952,4326),3005), 5000)), 2, 0, 801900, 800000, 417), -- BC MOTI asset
('kwinshatin cr culv', 'culvert', 1, 50.018529, -120.821957, ST_point(-120.821957,50.018529,4326), 8927602, ST_transform(ST_multi(ST_Buffer(ST_transform(ST_point(-120.821957,50.018529,4326),3005), 5000)),4326), ST_Area(ST_Buffer(ST_transform(ST_point(-120.821957,50.018529,4326),3005), 5000)), 0, 0, 1000, 2000, 300), -- BC MOTI asset
('Godey Creek culv', 'culvert', 1, 50.085495, -120.751576, ST_point(-120.751576,50.085495,4326), 8925604, ST_transform(ST_multi(ST_Buffer(ST_transform(ST_point(-120.751576,50.085495,4326),3005), 5000)),4326), ST_Area(ST_Buffer(ST_transform(ST_point(-120.751576,50.085495,4326),3005), 5000)), 0, 0, 1500, 1200, 500), -- BC MOTI asset
('City of Merritt Public Works Yard', 'wastewater treatment plant', 2, 50.114078, -120.801764,ST_point(-120.801764,50.114078,4326), 7948635, ST_transform(ST_multi(ST_Buffer(ST_transform(ST_point(-120.801764,50.114078,4326),3005), 5000)),4326), ST_Area(ST_Buffer(ST_transform(ST_point(-120.801764,50.114078,4326),3005), 5000)), 2, 0, 171180, 160282, 1500), -- City of Merritt asset
('James Plant', 'wastewater treatment plant', 3, 49.110502, -122.322585,ST_point(-122.322585, 49.110502,4326), 9981920, ST_transform(ST_multi(ST_Buffer(ST_transform(ST_point(-122.322585, 49.110502,4326),3005),5000)),4326), ST_Area(ST_Buffer(ST_transform(ST_point(-122.322585, 49.110502,4326),3005),5000)), 0, 0, 0, 0, 10000), -- City of Abbotsford asset
('Existing pipeline facilities','segment 5 Kingsvale to Merritt', 4, 50.0167, -120.8508, ST_point(-120.8508,50.0167,4326), 9184965, ST_transform(ST_multi(ST_Buffer(ST_transform(ST_point(-120.8508,50.0167,4326),3005), 5000)),4326), ST_Area(ST_Buffer(ST_transform(ST_point(-120.8508,50.0167,4326),3005), 5000)), 2, 0, 701819,601718, 500) -- Tranmountain asset
;


INSERT INTO data.assets_forecast(
	asset_id,
	forecast_made_at_utc,
	forecast_3h_utc,
	model_id,
	value
)
VALUES
(1,'2021-11-13 12:00','2021-11-13 15:00',4,0.00148),
(1,'2021-11-13 12:00','2021-11-13 12:00',4,0.0001),
(1,'2021-11-13 12:00','2021-11-13 18:00',4,0.05260899),
(1,'2021-11-13 12:00','2021-11-13 21:00',4,0.11305135),
(1,'2021-11-13 12:00','2021-11-14 0:00',4,1.0389),
(1,'2021-11-13 12:00','2021-11-14 3:00',4,1.0342402),
(1,'2021-11-13 12:00','2021-11-14 6:00',4,1.879933),
(1,'2021-11-13 12:00','2021-11-14 9:00',4,3.1549153),
(1,'2021-11-13 12:00','2021-11-14 12:00',4,0.231652),
(1,'2021-11-13 12:00','2021-11-14 15:00',4,10.30715),
(1,'2021-11-13 12:00','2021-11-14 18:00',4,16.080961),
(1,'2021-11-13 12:00','2021-11-14 21:00',4,17.167595),
(1,'2021-11-13 12:00','2021-11-15 0:00',4,21.551224),
(1,'2021-11-13 12:00','2021-11-15 3:00',4,23.334955),
(1,'2021-11-13 12:00','2021-11-15 6:00',4,16.49144),
(1,'2021-11-13 12:00','2021-11-15 9:00',4,12.539043),
(1,'2021-11-13 12:00','2021-11-15 12:00',4,10.002726),
(1,'2021-11-13 12:00','2021-11-15 15:00',4,9.744444),
(1,'2021-11-13 12:00','2021-11-15 18:00',4,11.556598),
(1,'2021-11-13 12:00','2021-11-15 21:00',4,14.439968),
(1,'2021-11-13 12:00','2021-11-16 0:00',4,1.0704005),
(1,'2021-11-13 12:00','2021-11-16 3:00',4,0.5236079),
(1,'2021-11-13 12:00','2021-11-16 6:00',4,0.8056512),
(1,'2021-11-13 12:00','2021-11-16 9:00',4,0.6820779),
(1,'2021-11-13 12:00','2021-11-16 12:00',4,0.7610999),
(1,'2021-11-13 12:00','2021-11-16 15:00',4,0.44963384),
(1,'2021-11-13 12:00','2021-11-16 18:00',4,0.58914185),
(1,'2021-11-13 12:00','2021-11-16 21:00',4,0.22652446),
(1,'2021-11-13 12:00','2021-11-17 0:00',4,0.03576433),
(1,'2021-11-13 12:00','2021-11-17 3:00',4,0.10666768),
(1,'2021-11-13 12:00','2021-11-17 6:00',4,0.033234715),
(1,'2021-11-13 12:00','2021-11-17 9:00',4,0.010900374),
(1,'2021-11-13 12:00','2021-11-17 12:00',4,0.0035895),
(1,'2021-11-13 12:00','2021-11-17 15:00',4,0.000800022),
(1,'2021-11-13 12:00','2021-11-17 18:00',4,0),
(1,'2021-11-13 12:00','2021-11-17 21:00',4,0),
(1,'2021-11-13 12:00','2021-11-18 0:00',4,0),
(1,'2021-11-13 12:00','2021-11-18 3:00',4,0),
(1,'2021-11-13 12:00','2021-11-18 6:00',4,0.003200089),
(1,'2021-11-13 12:00','2021-11-18 9:00',4,0.003200089),
(1,'2021-11-13 12:00','2021-11-18 12:00',4,0.005429716),
(1,'2021-11-13 12:00','2021-11-18 15:00',4,0.00258492),
(1,'2021-11-13 12:00','2021-11-18 18:00',4,0.029757487),
(1,'2021-11-13 12:00','2021-11-18 21:00',4,0.4772568),
(1,'2021-11-13 12:00','2021-11-19 0:00',4,0.63646895),
(1,'2021-11-13 12:00','2021-11-19 3:00',4,0.5252875),
(1,'2021-11-13 12:00','2021-11-19 6:00',4,0.37164026),
(1,'2021-11-13 12:00','2021-11-19 9:00',4,0.32561696),
(1,'2021-11-13 12:00','2021-11-19 12:00',4,0.37545767),
(1,'2021-11-13 12:00','2021-11-19 15:00',4,0.26853055),
(1,'2021-11-13 12:00','2021-11-19 18:00',4,0.26140994),
(1,'2021-11-13 12:00','2021-11-19 21:00',4,0.29450685),
(1,'2021-11-13 12:00','2021-11-20 0:00',4,0.19413573),
(1,'2021-11-13 12:00','2021-11-20 3:00',4,0.078012004),
(1,'2021-11-13 12:00','2021-11-20 6:00',4,0.05418856),
(1,'2021-11-13 12:00','2021-11-20 9:00',4,0.26528072),
(1,'2021-11-13 12:00','2021-11-20 12:00',4,0.1228919),
(1,'2021-11-13 12:00','2021-11-13 12:00',1,0.003),
(1,'2021-11-13 12:00','2021-11-13 15:00',1,0.00438),
(1,'2021-11-13 12:00','2021-11-13 18:00',1,0.05550899),
(1,'2021-11-13 12:00','2021-11-13 21:00',1,0.11595135),
(1,'2021-11-13 12:00','2021-11-14 0:00',1,1.0418),
(1,'2021-11-13 12:00','2021-11-14 3:00',1,1.0371402),
(1,'2021-11-13 12:00','2021-11-14 6:00',1,1.882833),
(1,'2021-11-13 12:00','2021-11-14 9:00',1,5.6549153),
(1,'2021-11-13 12:00','2021-11-14 12:00',1,2.731652),
(1,'2021-11-13 12:00','2021-11-14 15:00',1,12.80715),
(1,'2021-11-13 12:00','2021-11-14 18:00',1,18.580961),
(1,'2021-11-13 12:00','2021-11-14 21:00',1,19.667595),
(1,'2021-11-13 12:00','2021-11-15 0:00',1,24.051224),
(1,'2021-11-13 12:00','2021-11-15 3:00',1,25.834955),
(1,'2021-11-13 12:00','2021-11-15 6:00',1,18.99144),
(1,'2021-11-13 12:00','2021-11-15 9:00',1,15.039043),
(1,'2021-11-13 12:00','2021-11-15 12:00',1,12.502726),
(1,'2021-11-13 12:00','2021-11-15 15:00',1,12.244444),
(1,'2021-11-13 12:00','2021-11-15 18:00',1,14.056598),
(1,'2021-11-13 12:00','2021-11-15 21:00',1,16.939968),
(1,'2021-11-13 12:00','2021-11-16 0:00',1,3.5704005),
(1,'2021-11-13 12:00','2021-11-16 3:00',1,0.6016079),
(1,'2021-11-13 12:00','2021-11-16 6:00',1,0.8836512),
(1,'2021-11-13 12:00','2021-11-16 9:00',1,0.7600779),
(1,'2021-11-13 12:00','2021-11-16 12:00',1,0.8390999),
(1,'2021-11-13 12:00','2021-11-16 15:00',1,0.52763384),
(1,'2021-11-13 12:00','2021-11-16 18:00',1,0.66714185),
(1,'2021-11-13 12:00','2021-11-16 21:00',1,0.30452446),
(1,'2021-11-13 12:00','2021-11-17 0:00',1,0.11376433),
(1,'2021-11-13 12:00','2021-11-17 3:00',1,0.18466768),
(1,'2021-11-13 12:00','2021-11-17 6:00',1,0.111234715),
(1,'2021-11-13 12:00','2021-11-17 9:00',1,0.088900374),
(1,'2021-11-13 12:00','2021-11-17 12:00',1,0.0815895),
(1,'2021-11-13 12:00','2021-11-17 15:00',1,0.078800022),
(1,'2021-11-13 12:00','2021-11-17 18:00',1,0.078),
(1,'2021-11-13 12:00','2021-11-17 21:00',1,0.078),
(1,'2021-11-13 12:00','2021-11-18 0:00',1,0.078),
(1,'2021-11-13 12:00','2021-11-18 3:00',1,0.078),
(1,'2021-11-13 12:00','2021-11-18 6:00',1,0.081200089),
(1,'2021-11-13 12:00','2021-11-18 9:00',1,0.081200089),
(1,'2021-11-13 12:00','2021-11-18 12:00',1,0.083429716),
(1,'2021-11-13 12:00','2021-11-18 15:00',1,0.08058492),
(1,'2021-11-13 12:00','2021-11-18 18:00',1,0.107757487),
(1,'2021-11-13 12:00','2021-11-18 21:00',1,0.5552568),
(1,'2021-11-13 12:00','2021-11-19 0:00',1,0.71446895),
(1,'2021-11-13 12:00','2021-11-19 3:00',1,0.6032875),
(1,'2021-11-13 12:00','2021-11-19 6:00',1,0.44964026),
(1,'2021-11-13 12:00','2021-11-19 9:00',1,0.40361696),
(1,'2021-11-13 12:00','2021-11-19 12:00',1,0.45345767),
(1,'2021-11-13 12:00','2021-11-19 15:00',1,0.34653055),
(1,'2021-11-13 12:00','2021-11-19 18:00',1,0.33940994),
(1,'2021-11-13 12:00','2021-11-19 21:00',1,0.37250685),
(1,'2021-11-13 12:00','2021-11-20 0:00',1,0.27213573),
(1,'2021-11-13 12:00','2021-11-20 3:00',1,0.156012004),
(1,'2021-11-13 12:00','2021-11-20 6:00',1,0.13218856),
(1,'2021-11-13 12:00','2021-11-20 9:00',1,0.34328072),
(1,'2021-11-13 12:00','2021-11-20 12:00',1,0.2008919),
(1,'2021-11-13 12:00','2021-11-13 12:00',2,1.282513496),
(1,'2021-11-13 12:00','2021-11-13 15:00',2,1.307353822),
(1,'2021-11-13 12:00','2021-11-13 18:00',2,1.34540899),
(1,'2021-11-13 12:00','2021-11-13 21:00',2,1.38585135),
(1,'2021-11-13 12:00','2021-11-14 0:00',2,2.2962046),
(1,'2021-11-13 12:00','2021-11-14 3:00',2,6.3070402),
(1,'2021-11-13 12:00','2021-11-14 6:00',2,7.152733),
(1,'2021-11-13 12:00','2021-11-14 9:00',2,8.4277153),
(1,'2021-11-13 12:00','2021-11-14 12:00',2,5.504452),
(1,'2021-11-13 12:00','2021-11-14 15:00',2,15.57995),
(1,'2021-11-13 12:00','2021-11-14 18:00',2,21.353761),
(1,'2021-11-13 12:00','2021-11-14 21:00',2,22.440395),
(1,'2021-11-13 12:00','2021-11-15 0:00',2,26.824024),
(1,'2021-11-13 12:00','2021-11-15 3:00',2,28.607755),
(1,'2021-11-13 12:00','2021-11-15 6:00',2,21.76424),
(1,'2021-11-13 12:00','2021-11-15 9:00',2,17.811843),
(1,'2021-11-13 12:00','2021-11-15 12:00',2,15.275526),
(1,'2021-11-13 12:00','2021-11-15 15:00',2,15.017244),
(1,'2021-11-13 12:00','2021-11-15 18:00',2,16.829398),
(1,'2021-11-13 12:00','2021-11-15 21:00',2,19.712768),
(1,'2021-11-13 12:00','2021-11-16 0:00',2,3.3432005),
(1,'2021-11-13 12:00','2021-11-16 3:00',2,2.7964079),
(1,'2021-11-13 12:00','2021-11-16 6:00',2,3.0784512),
(1,'2021-11-13 12:00','2021-11-16 9:00',2,1.9548779),
(1,'2021-11-13 12:00','2021-11-16 12:00',2,2.0338999),
(1,'2021-11-13 12:00','2021-11-16 15:00',2,1.72243384),
(1,'2021-11-13 12:00','2021-11-16 18:00',2,1.86194185),
(1,'2021-11-13 12:00','2021-11-16 21:00',2,1.49932446),
(1,'2021-11-13 12:00','2021-11-17 0:00',2,1.30856433),
(1,'2021-11-13 12:00','2021-11-17 3:00',2,1.37946768),
(1,'2021-11-13 12:00','2021-11-17 6:00',2,1.306034715),
(1,'2021-11-13 12:00','2021-11-17 9:00',2,1.283700374),
(1,'2021-11-13 12:00','2021-11-17 12:00',2,1.2763895),
(1,'2021-11-13 12:00','2021-11-17 15:00',2,1.273600022),
(1,'2021-11-13 12:00','2021-11-17 18:00',2,1.2728),
(1,'2021-11-13 12:00','2021-11-17 21:00',2,1.2728),
(1,'2021-11-13 12:00','2021-11-18 0:00',2,1.2728),
(1,'2021-11-13 12:00','2021-11-18 3:00',2,1.2728),
(1,'2021-11-13 12:00','2021-11-18 6:00',2,1.276000089),
(1,'2021-11-13 12:00','2021-11-18 9:00',2,1.276000089),
(1,'2021-11-13 12:00','2021-11-18 12:00',2,1.278229716),
(1,'2021-11-13 12:00','2021-11-18 15:00',2,1.27538492),
(1,'2021-11-13 12:00','2021-11-18 18:00',2,1.302557487),
(1,'2021-11-13 12:00','2021-11-18 21:00',2,1.7500568),
(1,'2021-11-13 12:00','2021-11-19 0:00',2,1.90926895),
(1,'2021-11-13 12:00','2021-11-19 3:00',2,1.7980875),
(1,'2021-11-13 12:00','2021-11-19 6:00',2,1.64444026),
(1,'2021-11-13 12:00','2021-11-19 9:00',2,1.59841696),
(1,'2021-11-13 12:00','2021-11-19 12:00',2,1.64825767),
(1,'2021-11-13 12:00','2021-11-19 15:00',2,1.54133055),
(1,'2021-11-13 12:00','2021-11-19 18:00',2,1.53420994),
(1,'2021-11-13 12:00','2021-11-19 21:00',2,1.56730685),
(1,'2021-11-13 12:00','2021-11-20 0:00',2,1.46693573),
(1,'2021-11-13 12:00','2021-11-20 3:00',2,1.350812004),
(1,'2021-11-13 12:00','2021-11-20 6:00',2,1.32698856),
(1,'2021-11-13 12:00','2021-11-20 9:00',2,1.53808072),
(1,'2021-11-13 12:00','2021-11-20 12:00',2,1.3956919),
(1,'2021-11-13 12:00','2021-11-13 12:00',3,0.006613496),
(1,'2021-11-13 12:00','2021-11-13 15:00',3,0.031453822),
(1,'2021-11-13 12:00','2021-11-13 18:00',3,0.06950899),
(1,'2021-11-13 12:00','2021-11-13 21:00',3,0.10995135),
(1,'2021-11-13 12:00','2021-11-14 0:00',3,0.6233046),
(1,'2021-11-13 12:00','2021-11-14 3:00',3,1.7612502),
(1,'2021-11-13 12:00','2021-11-14 6:00',3,2.606943),
(1,'2021-11-13 12:00','2021-11-14 9:00',3,3.8819253),
(1,'2021-11-13 12:00','2021-11-14 12:00',3,0.958662),
(1,'2021-11-13 12:00','2021-11-14 15:00',3,11.03416),
(1,'2021-11-13 12:00','2021-11-14 18:00',3,16.807971),
(1,'2021-11-13 12:00','2021-11-14 21:00',3,17.894605),
(1,'2021-11-13 12:00','2021-11-15 0:00',3,22.278234),
(1,'2021-11-13 12:00','2021-11-15 3:00',3,24.061965),
(1,'2021-11-13 12:00','2021-11-15 6:00',3,17.21845),
(1,'2021-11-13 12:00','2021-11-15 9:00',3,13.266053),
(1,'2021-11-13 12:00','2021-11-15 12:00',3,10.729736),
(1,'2021-11-13 12:00','2021-11-15 15:00',3,10.471454),
(1,'2021-11-13 12:00','2021-11-15 18:00',3,12.283608),
(1,'2021-11-13 12:00','2021-11-15 21:00',3,15.166978),
(1,'2021-11-13 12:00','2021-11-16 0:00',3,1.3514005),
(1,'2021-11-13 12:00','2021-11-16 3:00',3,0.8046079),
(1,'2021-11-13 12:00','2021-11-16 6:00',3,1.0866512),
(1,'2021-11-13 12:00','2021-11-16 9:00',3,0.4819779),
(1,'2021-11-13 12:00','2021-11-16 12:00',3,0.5609999),
(1,'2021-11-13 12:00','2021-11-16 15:00',3,0.24953384),
(1,'2021-11-13 12:00','2021-11-16 18:00',3,0.38904185),
(1,'2021-11-13 12:00','2021-11-16 21:00',3,0.11789),
(1,'2021-11-13 12:00','2021-11-17 0:00',3,0),
(1,'2021-11-13 12:00','2021-11-17 3:00',3,0),
(1,'2021-11-13 12:00','2021-11-17 6:00',3,0),
(1,'2021-11-13 12:00','2021-11-17 9:00',3,0),
(1,'2021-11-13 12:00','2021-11-17 12:00',3,0),
(1,'2021-11-13 12:00','2021-11-17 15:00',3,0),
(1,'2021-11-13 12:00','2021-11-17 18:00',3,0),
(1,'2021-11-13 12:00','2021-11-17 21:00',3,0),
(1,'2021-11-13 12:00','2021-11-18 0:00',3,0),
(1,'2021-11-13 12:00','2021-11-18 3:00',3,0),
(1,'2021-11-13 12:00','2021-11-18 6:00',3,0),
(1,'2021-11-13 12:00','2021-11-18 9:00',3,0),
(1,'2021-11-13 12:00','2021-11-18 12:00',3,0),
(1,'2021-11-13 12:00','2021-11-18 15:00',3,0),
(1,'2021-11-13 12:00','2021-11-18 18:00',3,0.00297),
(1,'2021-11-13 12:00','2021-11-18 21:00',3,0.002627),
(1,'2021-11-13 12:00','2021-11-19 0:00',3,0.01289),
(1,'2021-11-13 12:00','2021-11-19 3:00',3,0.5151875),
(1,'2021-11-13 12:00','2021-11-19 6:00',3,0.36154026),
(1,'2021-11-13 12:00','2021-11-19 9:00',3,0.31551696),
(1,'2021-11-13 12:00','2021-11-19 12:00',3,0.36535767),
(1,'2021-11-13 12:00','2021-11-19 15:00',3,0.25843055),
(1,'2021-11-13 12:00','2021-11-19 18:00',3,0.25130994),
(1,'2021-11-13 12:00','2021-11-19 21:00',3,0.28440685),
(1,'2021-11-13 12:00','2021-11-20 0:00',3,0.18403573),
(1,'2021-11-13 12:00','2021-11-20 3:00',3,0.067912004),
(1,'2021-11-13 12:00','2021-11-20 6:00',3,0.04408856),
(1,'2021-11-13 12:00','2021-11-20 9:00',3,0.25518072),
(1,'2021-11-13 12:00','2021-11-20 12:00',3,0.1127919),
(1,'2021-11-13 12:00','2021-11-13 12:00',6,0.010812496),
(1,'2021-11-13 12:00','2021-11-13 15:00',6,0.035652822),
(1,'2021-11-13 12:00','2021-11-13 18:00',6,0.07370799),
(1,'2021-11-13 12:00','2021-11-13 21:00',6,0.11415035),
(1,'2021-11-13 12:00','2021-11-14 0:00',6,1.0245036),
(1,'2021-11-13 12:00','2021-11-14 3:00',6,1.72829),
(1,'2021-11-13 12:00','2021-11-14 6:00',6,5.8181),
(1,'2021-11-13 12:00','2021-11-14 9:00',6,4.1549153),
(1,'2021-11-13 12:00','2021-11-14 12:00',6,1.231652),
(1,'2021-11-13 12:00','2021-11-14 15:00',6,11.30715),
(1,'2021-11-13 12:00','2021-11-14 18:00',6,17.080961),
(1,'2021-11-13 12:00','2021-11-14 21:00',6,18.167595),
(1,'2021-11-13 12:00','2021-11-15 0:00',6,22.551224),
(1,'2021-11-13 12:00','2021-11-15 3:00',6,24.334955),
(1,'2021-11-13 12:00','2021-11-15 6:00',6,17.49144),
(1,'2021-11-13 12:00','2021-11-15 9:00',6,13.539043),
(1,'2021-11-13 12:00','2021-11-13 12:00',5,2.019713496),
(1,'2021-11-13 12:00','2021-11-13 15:00',5,2.044553822),
(1,'2021-11-13 12:00','2021-11-13 18:00',5,2.08260899),
(1,'2021-11-13 12:00','2021-11-13 21:00',5,2.12305135),
(1,'2021-11-13 12:00','2021-11-14 0:00',5,3.0334046),
(1,'2021-11-13 12:00','2021-11-14 3:00',5,7.0442402),
(1,'2021-11-13 12:00','2021-11-14 6:00',5,12.879933),
(1,'2021-11-13 12:00','2021-11-14 9:00',5,14.1549153),
(1,'2021-11-13 12:00','2021-11-14 12:00',5,11.231652),
(1,'2021-11-13 12:00','2021-11-14 15:00',5,21.30715),
(1,'2021-11-13 12:00','2021-11-14 18:00',5,27.080961),
(1,'2021-11-13 12:00','2021-11-14 21:00',5,28.167595),
(1,'2021-11-13 12:00','2021-11-15 0:00',5,32.551224),
(1,'2021-11-13 12:00','2021-11-15 3:00',5,34.334955),
(1,'2021-11-13 12:00','2021-11-15 6:00',5,27.49144),
(1,'2021-11-13 12:00','2021-11-15 9:00',5,23.539043),
(1,'2021-11-13 12:00','2021-11-15 12:00',5,20.91871),
(1,'2021-11-13 12:00','2021-11-15 15:00',5,21.8181),
(1,'2021-11-13 12:00','2021-11-15 18:00',5,22.18198),
(1,'2021-11-13 12:00','2021-11-15 21:00',5,18.0108),
(1,'2021-11-13 12:00','2021-11-13 12:00',7,0.019713496),
(1,'2021-11-13 12:00','2021-11-13 15:00',7,0.044553822),
(1,'2021-11-13 12:00','2021-11-13 18:00',7,0.08260899),
(1,'2021-11-13 12:00','2021-11-13 21:00',7,0.12305135),
(1,'2021-11-13 12:00','2021-11-14 0:00',7,1.0334046),
(1,'2021-11-13 12:00','2021-11-14 3:00',7,5.0442402),
(1,'2021-11-13 12:00','2021-11-14 6:00',7,10.879933),
(1,'2021-11-13 12:00','2021-11-14 9:00',7,12.1549153),
(1,'2021-11-13 12:00','2021-11-14 12:00',7,9.231652),
(1,'2021-11-13 12:00','2021-11-14 15:00',7,19.30715),
(1,'2021-11-13 12:00','2021-11-14 18:00',7,25.080961),
(1,'2021-11-13 12:00','2021-11-14 21:00',7,26.167595),
(1,'2021-11-13 12:00','2021-11-15 0:00',7,30.551224),
(1,'2021-11-13 12:00','2021-11-15 3:00',7,32.334955),
(1,'2021-11-13 12:00','2021-11-15 6:00',7,25.49144),
(1,'2021-11-13 12:00','2021-11-15 9:00',7,21.539043),
(1,'2021-11-13 12:00','2021-11-15 12:00',7,18.91871),
(1,'2021-11-13 12:00','2021-11-15 15:00',7,19.8181),
(1,'2021-11-13 12:00','2021-11-15 18:00',7,20.18198),
(1,'2021-11-13 12:00','2021-11-15 21:00',7,16.0108),
(1,'2021-11-13 12:00','2021-11-13 12:00',8,0),
(1,'2021-11-13 12:00','2021-11-13 15:00',8,0),
(1,'2021-11-13 12:00','2021-11-13 18:00',8,0.89),
(1,'2021-11-13 12:00','2021-11-13 21:00',8,0.4),
(1,'2021-11-13 12:00','2021-11-14 0:00',8,0.133333333),
(1,'2021-11-13 12:00','2021-11-14 3:00',8,0.366666667),
(1,'2021-11-13 12:00','2021-11-14 6:00',8,0.633333333),
(1,'2021-11-13 12:00','2021-11-14 9:00',8,0.533333333),
(1,'2021-11-13 12:00','2021-11-14 12:00',8,0.5),
(1,'2021-11-13 12:00','2021-11-14 15:00',8,0.48),
(1,'2021-11-13 12:00','2021-11-14 18:00',8,0.166666667),
(1,'2021-11-13 12:00','2021-11-14 21:00',8,0.039333333),
(1,'2021-11-13 12:00','2021-11-15 0:00',8,0.066666667),
(1,'2021-11-13 12:00','2021-11-15 3:00',8,0.0606),
(1,'2021-11-13 12:00','2021-11-15 6:00',8,0.952666667),
(1,'2021-11-13 12:00','2021-11-15 9:00',8,1.286),
(1,'2021-11-13 12:00','2021-11-15 12:00',8,1.666666667),
(1,'2021-11-13 12:00','2021-11-15 15:00',8,0.666666667),
(1,'2021-11-13 12:00','2021-11-15 18:00',8,1.333333333),
(1,'2021-11-13 12:00','2021-11-15 21:00',8,0.533333333),
(1,'2021-11-13 12:00','2021-11-16 0:00',8,0.333666667),
(1,'2021-11-13 12:00','2021-11-16 3:00',8,0),
(1,'2021-11-13 12:00','2021-11-16 6:00',8,0),
(1,'2021-11-13 12:00','2021-11-16 9:00',8,0.952666667),
(1,'2021-11-13 12:00','2021-11-16 12:00',8,1.286),
(1,'2021-11-13 12:00','2021-11-16 15:00',8,0),
(1,'2021-11-13 12:00','2021-11-16 18:00',8,0.176178),
(1,'2021-11-13 12:00','2021-11-16 21:00',8,0),
(1,'2021-11-13 12:00','2021-11-17 0:00',8,0),
(1,'2021-11-13 12:00','2021-11-17 3:00',8,0),
(1,'2021-11-13 12:00','2021-11-17 6:00',8,0),
(1,'2021-11-13 12:00','2021-11-17 9:00',8,0),
(1,'2021-11-13 12:00','2021-11-17 12:00',8,0),
(1,'2021-11-13 12:00','2021-11-17 15:00',8,0.060633333),
(1,'2021-11-13 12:00','2021-11-17 18:00',8,0.057266667),
(1,'2021-11-13 12:00','2021-11-17 21:00',8,0),
(1,'2021-11-13 12:00','2021-11-18 0:00',8,0),
(1,'2021-11-13 12:00','2021-11-18 3:00',8,0),
(1,'2021-11-13 12:00','2021-11-18 6:00',8,0),
(1,'2021-11-13 12:00','2021-11-18 9:00',8,0),
(1,'2021-11-13 12:00','2021-11-18 12:00',8,0),
(1,'2021-11-13 12:00','2021-11-18 15:00',8,0),
(1,'2021-11-13 12:00','2021-11-18 18:00',8,0),
(1,'2021-11-13 12:00','2021-11-18 21:00',8,0),
(1,'2021-11-13 12:00','2021-11-19 0:00',8,0),
(1,'2021-11-13 12:00','2021-11-19 3:00',8,0),
(1,'2021-11-13 12:00','2021-11-19 6:00',8,0),
(1,'2021-11-13 12:00','2021-11-19 9:00',8,0),
(1,'2021-11-13 12:00','2021-11-19 12:00',8,0),
(1,'2021-11-13 12:00','2021-11-19 15:00',8,0),
(1,'2021-11-13 12:00','2021-11-19 18:00',8,0),
(1,'2021-11-13 12:00','2021-11-19 21:00',8,0),
(1,'2021-11-13 12:00','2021-11-20 0:00',8,0),
(1,'2021-11-13 12:00','2021-11-20 3:00',8,0),
(1,'2021-11-13 12:00','2021-11-20 6:00',8,0),
(1,'2021-11-13 12:00','2021-11-20 9:00',8,0),
(1,'2021-11-13 12:00','2021-11-20 12:00',8,0);


INSERT INTO data.sentinels_forecast(
	sentinel_id,
	forecast_made_at_utc,
	forecast_3h_utc,
	model_id,
	value
)
VALUES
(1,'2021-11-13 12:00','2021-11-13 12:00',4,0.00971),
(1,'2021-11-13 12:00','2021-11-13 15:00',4,0.03455),
(1,'2021-11-13 12:00','2021-11-13 18:00',4,0.07261),
(1,'2021-11-13 12:00','2021-11-13 21:00',4,0.11305),
(1,'2021-11-13 12:00','2021-11-14 0:00',4,1.02340),
(1,'2021-11-13 12:00','2021-11-14 3:00',4,5.03424),
(1,'2021-11-13 12:00','2021-11-14 6:00',4,5.87993),
(1,'2021-11-13 12:00','2021-11-14 9:00',4,7.15492),
(1,'2021-11-13 12:00','2021-11-14 12:00',4,4.23165),
(1,'2021-11-13 12:00','2021-11-14 15:00',4,14.30715),
(1,'2021-11-13 12:00','2021-11-14 18:00',4,20.08096),
(1,'2021-11-13 12:00','2021-11-14 21:00',4,21.16760),
(1,'2021-11-13 12:00','2021-11-15 0:00',4,25.55122),
(1,'2021-11-13 12:00','2021-11-15 3:00',4,27.33496),
(1,'2021-11-13 12:00','2021-11-15 6:00',4,20.49144),
(1,'2021-11-13 12:00','2021-11-15 9:00',4,16.53904),
(1,'2021-11-13 12:00','2021-11-15 12:00',4,14.00273),
(1,'2021-11-13 12:00','2021-11-15 15:00',4,13.74444),
(1,'2021-11-13 12:00','2021-11-15 18:00',4,15.55660),
(1,'2021-11-13 12:00','2021-11-15 21:00',4,18.43997),
(1,'2021-11-13 12:00','2021-11-16 0:00',4,2.07040),
(1,'2021-11-13 12:00','2021-11-16 3:00',4,1.52361),
(1,'2021-11-13 12:00','2021-11-16 6:00',4,1.80565),
(1,'2021-11-13 12:00','2021-11-16 9:00',4,0.68208),
(1,'2021-11-13 12:00','2021-11-16 12:00',4,0.76110),
(1,'2021-11-13 12:00','2021-11-16 15:00',4,0.44963),
(1,'2021-11-13 12:00','2021-11-16 18:00',4,0.58914),
(1,'2021-11-13 12:00','2021-11-16 21:00',4,0.22652),
(1,'2021-11-13 12:00','2021-11-17 0:00',4,0.03576),
(1,'2021-11-13 12:00','2021-11-17 3:00',4,0.10667),
(1,'2021-11-13 12:00','2021-11-17 6:00',4,0.03323),
(1,'2021-11-13 12:00','2021-11-17 9:00',4,0.01090),
(1,'2021-11-13 12:00','2021-11-17 12:00',4,0.00359),
(1,'2021-11-13 12:00','2021-11-17 15:00',4,0.00080),
(1,'2021-11-13 12:00','2021-11-17 18:00',4,0.00000),
(1,'2021-11-13 12:00','2021-11-17 21:00',4,0.00000),
(1,'2021-11-13 12:00','2021-11-18 0:00',4,0.00000),
(1,'2021-11-13 12:00','2021-11-18 3:00',4,0.00000),
(1,'2021-11-13 12:00','2021-11-18 6:00',4,0.00320),
(1,'2021-11-13 12:00','2021-11-18 9:00',4,0.00320),
(1,'2021-11-13 12:00','2021-11-18 12:00',4,0.00543),
(1,'2021-11-13 12:00','2021-11-18 15:00',4,0.00258),
(1,'2021-11-13 12:00','2021-11-18 18:00',4,0.02976),
(1,'2021-11-13 12:00','2021-11-18 21:00',4,0.47726),
(1,'2021-11-13 12:00','2021-11-19 0:00',4,0.63647),
(1,'2021-11-13 12:00','2021-11-19 3:00',4,0.52529),
(1,'2021-11-13 12:00','2021-11-19 6:00',4,0.37164),
(1,'2021-11-13 12:00','2021-11-19 9:00',4,0.32562),
(1,'2021-11-13 12:00','2021-11-19 12:00',4,0.37546),
(1,'2021-11-13 12:00','2021-11-19 15:00',4,0.26853),
(1,'2021-11-13 12:00','2021-11-19 18:00',4,0.26141),
(1,'2021-11-13 12:00','2021-11-19 21:00',4,0.29451),
(1,'2021-11-13 12:00','2021-11-20 0:00',4,0.19414),
(1,'2021-11-13 12:00','2021-11-20 3:00',4,0.07801),
(1,'2021-11-13 12:00','2021-11-20 6:00',4,0.05419),
(1,'2021-11-13 12:00','2021-11-20 9:00',4,0.26528),
(1,'2021-11-13 12:00','2021-11-20 12:00',4,0.12289),
(1,'2021-11-13 12:00','2021-11-13 12:00',1,3.29261),
(1,'2021-11-13 12:00','2021-11-13 15:00',1,3.31745),
(1,'2021-11-13 12:00','2021-11-13 18:00',1,3.35551),
(1,'2021-11-13 12:00','2021-11-13 21:00',1,3.39595),
(1,'2021-11-13 12:00','2021-11-14 0:00',1,4.30630),
(1,'2021-11-13 12:00','2021-11-14 3:00',1,8.31714),
(1,'2021-11-13 12:00','2021-11-14 6:00',1,9.16283),
(1,'2021-11-13 12:00','2021-11-14 9:00',1,10.43782),
(1,'2021-11-13 12:00','2021-11-14 12:00',1,7.51455),
(1,'2021-11-13 12:00','2021-11-14 15:00',1,17.59005),
(1,'2021-11-13 12:00','2021-11-14 18:00',1,23.36386),
(1,'2021-11-13 12:00','2021-11-14 21:00',1,24.45050),
(1,'2021-11-13 12:00','2021-11-15 0:00',1,28.83412),
(1,'2021-11-13 12:00','2021-11-15 3:00',1,30.61786),
(1,'2021-11-13 12:00','2021-11-15 6:00',1,23.77434),
(1,'2021-11-13 12:00','2021-11-15 9:00',1,19.82194),
(1,'2021-11-13 12:00','2021-11-15 12:00',1,17.28563),
(1,'2021-11-13 12:00','2021-11-15 15:00',1,17.02734),
(1,'2021-11-13 12:00','2021-11-15 18:00',1,18.83950),
(1,'2021-11-13 12:00','2021-11-15 21:00',1,21.72287),
(1,'2021-11-13 12:00','2021-11-16 0:00',1,5.35330),
(1,'2021-11-13 12:00','2021-11-16 3:00',1,4.80651),
(1,'2021-11-13 12:00','2021-11-16 6:00',1,5.08855),
(1,'2021-11-13 12:00','2021-11-16 9:00',1,3.96498),
(1,'2021-11-13 12:00','2021-11-16 12:00',1,4.04400),
(1,'2021-11-13 12:00','2021-11-16 15:00',1,3.73253),
(1,'2021-11-13 12:00','2021-11-16 18:00',1,3.87204),
(1,'2021-11-13 12:00','2021-11-16 21:00',1,3.50942),
(1,'2021-11-13 12:00','2021-11-17 0:00',1,3.31866),
(1,'2021-11-13 12:00','2021-11-17 3:00',1,3.38957),
(1,'2021-11-13 12:00','2021-11-17 6:00',1,3.31613),
(1,'2021-11-13 12:00','2021-11-17 9:00',1,3.29380),
(1,'2021-11-13 12:00','2021-11-17 12:00',1,3.28649),
(1,'2021-11-13 12:00','2021-11-17 15:00',1,3.28370),
(1,'2021-11-13 12:00','2021-11-17 18:00',1,3.28290),
(1,'2021-11-13 12:00','2021-11-17 21:00',1,3.28290),
(1,'2021-11-13 12:00','2021-11-18 0:00',1,3.28290),
(1,'2021-11-13 12:00','2021-11-18 3:00',1,3.28290),
(1,'2021-11-13 12:00','2021-11-18 6:00',1,3.28610),
(1,'2021-11-13 12:00','2021-11-18 9:00',1,3.28610),
(1,'2021-11-13 12:00','2021-11-18 12:00',1,3.28833),
(1,'2021-11-13 12:00','2021-11-18 15:00',1,3.28548),
(1,'2021-11-13 12:00','2021-11-18 18:00',1,3.31266),
(1,'2021-11-13 12:00','2021-11-18 21:00',1,3.76016),
(1,'2021-11-13 12:00','2021-11-19 0:00',1,3.91937),
(1,'2021-11-13 12:00','2021-11-19 3:00',1,3.80819),
(1,'2021-11-13 12:00','2021-11-19 6:00',1,3.65454),
(1,'2021-11-13 12:00','2021-11-19 9:00',1,3.60852),
(1,'2021-11-13 12:00','2021-11-19 12:00',1,3.65836),
(1,'2021-11-13 12:00','2021-11-19 15:00',1,3.55143),
(1,'2021-11-13 12:00','2021-11-19 18:00',1,3.54431),
(1,'2021-11-13 12:00','2021-11-19 21:00',1,3.57741),
(1,'2021-11-13 12:00','2021-11-20 0:00',1,3.47704),
(1,'2021-11-13 12:00','2021-11-20 3:00',1,3.36091),
(1,'2021-11-13 12:00','2021-11-20 6:00',1,3.33709),
(1,'2021-11-13 12:00','2021-11-20 9:00',1,3.54818),
(1,'2021-11-13 12:00','2021-11-20 12:00',1,3.40579),
(1,'2021-11-13 12:00','2021-11-13 12:00',2,1.28251),
(1,'2021-11-13 12:00','2021-11-13 15:00',2,1.30735),
(1,'2021-11-13 12:00','2021-11-13 18:00',2,1.34541),
(1,'2021-11-13 12:00','2021-11-13 21:00',2,1.38585),
(1,'2021-11-13 12:00','2021-11-14 0:00',2,2.29620),
(1,'2021-11-13 12:00','2021-11-14 3:00',2,6.30704),
(1,'2021-11-13 12:00','2021-11-14 6:00',2,7.15273),
(1,'2021-11-13 12:00','2021-11-14 9:00',2,8.42772),
(1,'2021-11-13 12:00','2021-11-14 12:00',2,5.50445),
(1,'2021-11-13 12:00','2021-11-14 15:00',2,15.57995),
(1,'2021-11-13 12:00','2021-11-14 18:00',2,21.35376),
(1,'2021-11-13 12:00','2021-11-14 21:00',2,22.44040),
(1,'2021-11-13 12:00','2021-11-15 0:00',2,26.82402),
(1,'2021-11-13 12:00','2021-11-15 3:00',2,28.60776),
(1,'2021-11-13 12:00','2021-11-15 6:00',2,21.76424),
(1,'2021-11-13 12:00','2021-11-15 9:00',2,17.81184),
(1,'2021-11-13 12:00','2021-11-15 12:00',2,15.27553),
(1,'2021-11-13 12:00','2021-11-15 15:00',2,15.01724),
(1,'2021-11-13 12:00','2021-11-15 18:00',2,16.82940),
(1,'2021-11-13 12:00','2021-11-15 21:00',2,19.71277),
(1,'2021-11-13 12:00','2021-11-16 0:00',2,3.34320),
(1,'2021-11-13 12:00','2021-11-16 3:00',2,2.79641),
(1,'2021-11-13 12:00','2021-11-16 6:00',2,3.07845),
(1,'2021-11-13 12:00','2021-11-16 9:00',2,1.95488),
(1,'2021-11-13 12:00','2021-11-16 12:00',2,2.03390),
(1,'2021-11-13 12:00','2021-11-16 15:00',2,1.72243),
(1,'2021-11-13 12:00','2021-11-16 18:00',2,1.86194),
(1,'2021-11-13 12:00','2021-11-16 21:00',2,1.49932),
(1,'2021-11-13 12:00','2021-11-17 0:00',2,1.30856),
(1,'2021-11-13 12:00','2021-11-17 3:00',2,1.37947),
(1,'2021-11-13 12:00','2021-11-17 6:00',2,1.30603),
(1,'2021-11-13 12:00','2021-11-17 9:00',2,1.28370),
(1,'2021-11-13 12:00','2021-11-17 12:00',2,1.27639),
(1,'2021-11-13 12:00','2021-11-17 15:00',2,1.27360),
(1,'2021-11-13 12:00','2021-11-17 18:00',2,1.27280),
(1,'2021-11-13 12:00','2021-11-17 21:00',2,1.27280),
(1,'2021-11-13 12:00','2021-11-18 0:00',2,1.27280),
(1,'2021-11-13 12:00','2021-11-18 3:00',2,1.27280),
(1,'2021-11-13 12:00','2021-11-18 6:00',2,1.27600),
(1,'2021-11-13 12:00','2021-11-18 9:00',2,1.27600),
(1,'2021-11-13 12:00','2021-11-18 12:00',2,1.27823),
(1,'2021-11-13 12:00','2021-11-18 15:00',2,1.27538),
(1,'2021-11-13 12:00','2021-11-18 18:00',2,1.30256),
(1,'2021-11-13 12:00','2021-11-18 21:00',2,1.75006),
(1,'2021-11-13 12:00','2021-11-19 0:00',2,1.90927),
(1,'2021-11-13 12:00','2021-11-19 3:00',2,1.79809),
(1,'2021-11-13 12:00','2021-11-19 6:00',2,1.64444),
(1,'2021-11-13 12:00','2021-11-19 9:00',2,1.59842),
(1,'2021-11-13 12:00','2021-11-19 12:00',2,1.64826),
(1,'2021-11-13 12:00','2021-11-19 15:00',2,1.54133),
(1,'2021-11-13 12:00','2021-11-19 18:00',2,1.53421),
(1,'2021-11-13 12:00','2021-11-19 21:00',2,1.56731),
(1,'2021-11-13 12:00','2021-11-20 0:00',2,1.46694),
(1,'2021-11-13 12:00','2021-11-20 3:00',2,1.35081),
(1,'2021-11-13 12:00','2021-11-20 6:00',2,1.32699),
(1,'2021-11-13 12:00','2021-11-20 9:00',2,1.53808),
(1,'2021-11-13 12:00','2021-11-20 12:00',2,1.39569),
(1,'2021-11-13 12:00','2021-11-13 12:00',3,0.00961),
(1,'2021-11-13 12:00','2021-11-13 15:00',3,0.03445),
(1,'2021-11-13 12:00','2021-11-13 18:00',3,0.07251),
(1,'2021-11-13 12:00','2021-11-13 21:00',3,0.11295),
(1,'2021-11-13 12:00','2021-11-14 0:00',3,1.02330),
(1,'2021-11-13 12:00','2021-11-14 3:00',3,5.03414),
(1,'2021-11-13 12:00','2021-11-14 6:00',3,5.87983),
(1,'2021-11-13 12:00','2021-11-14 9:00',3,7.15482),
(1,'2021-11-13 12:00','2021-11-14 12:00',3,4.23155),
(1,'2021-11-13 12:00','2021-11-14 15:00',3,14.30705),
(1,'2021-11-13 12:00','2021-11-14 18:00',3,20.08086),
(1,'2021-11-13 12:00','2021-11-14 21:00',3,21.16750),
(1,'2021-11-13 12:00','2021-11-15 0:00',3,25.55112),
(1,'2021-11-13 12:00','2021-11-15 3:00',3,27.33486),
(1,'2021-11-13 12:00','2021-11-15 6:00',3,20.49134),
(1,'2021-11-13 12:00','2021-11-15 9:00',3,16.53894),
(1,'2021-11-13 12:00','2021-11-15 12:00',3,14.00263),
(1,'2021-11-13 12:00','2021-11-15 15:00',3,13.74434),
(1,'2021-11-13 12:00','2021-11-15 18:00',3,15.55650),
(1,'2021-11-13 12:00','2021-11-15 21:00',3,18.43987),
(1,'2021-11-13 12:00','2021-11-16 0:00',3,2.07030),
(1,'2021-11-13 12:00','2021-11-16 3:00',3,1.52351),
(1,'2021-11-13 12:00','2021-11-16 6:00',3,1.80555),
(1,'2021-11-13 12:00','2021-11-16 9:00',3,0.68198),
(1,'2021-11-13 12:00','2021-11-16 12:00',3,0.76100),
(1,'2021-11-13 12:00','2021-11-16 15:00',3,0.44953),
(1,'2021-11-13 12:00','2021-11-16 18:00',3,0.58904),
(1,'2021-11-13 12:00','2021-11-16 21:00',3,0.22642),
(1,'2021-11-13 12:00','2021-11-17 0:00',3,0.03566),
(1,'2021-11-13 12:00','2021-11-17 3:00',3,0.10657),
(1,'2021-11-13 12:00','2021-11-17 6:00',3,0.03313),
(1,'2021-11-13 12:00','2021-11-17 9:00',3,0.01080),
(1,'2021-11-13 12:00','2021-11-17 12:00',3,0.00349),
(1,'2021-11-13 12:00','2021-11-17 15:00',3,0.00070),
(1,'2021-11-13 12:00','2021-11-17 18:00',3,0.01010),
(1,'2021-11-13 12:00','2021-11-17 21:00',3,0.01010),
(1,'2021-11-13 12:00','2021-11-18 0:00',3,0.01010),
(1,'2021-11-13 12:00','2021-11-18 3:00',3,0.01010),
(1,'2021-11-13 12:00','2021-11-18 6:00',3,0.00310),
(1,'2021-11-13 12:00','2021-11-18 9:00',3,0.00310),
(1,'2021-11-13 12:00','2021-11-18 12:00',3,0.00533),
(1,'2021-11-13 12:00','2021-11-18 15:00',3,0.00248),
(1,'2021-11-13 12:00','2021-11-18 18:00',3,0.02966),
(1,'2021-11-13 12:00','2021-11-18 21:00',3,0.47716),
(1,'2021-11-13 12:00','2021-11-19 0:00',3,0.63637),
(1,'2021-11-13 12:00','2021-11-19 3:00',3,0.52519),
(1,'2021-11-13 12:00','2021-11-19 6:00',3,0.37154),
(1,'2021-11-13 12:00','2021-11-19 9:00',3,0.32552),
(1,'2021-11-13 12:00','2021-11-19 12:00',3,0.37536),
(1,'2021-11-13 12:00','2021-11-19 15:00',3,0.26843),
(1,'2021-11-13 12:00','2021-11-19 18:00',3,0.26131),
(1,'2021-11-13 12:00','2021-11-19 21:00',3,0.29441),
(1,'2021-11-13 12:00','2021-11-20 0:00',3,0.19404),
(1,'2021-11-13 12:00','2021-11-20 3:00',3,0.07791),
(1,'2021-11-13 12:00','2021-11-20 6:00',3,0.05409),
(1,'2021-11-13 12:00','2021-11-20 9:00',3,0.26518),
(1,'2021-11-13 12:00','2021-11-20 12:00',3,0.12279),
(1,'2021-11-13 12:00','2021-11-13 12:00',6,0.01971),
(1,'2021-11-13 12:00','2021-11-13 15:00',6,0.04455),
(1,'2021-11-13 12:00','2021-11-13 18:00',6,0.08261),
(1,'2021-11-13 12:00','2021-11-13 21:00',6,0.12305),
(1,'2021-11-13 12:00','2021-11-14 0:00',6,1.03340),
(1,'2021-11-13 12:00','2021-11-14 3:00',6,5.04424),
(1,'2021-11-13 12:00','2021-11-14 6:00',6,10.87993),
(1,'2021-11-13 12:00','2021-11-14 9:00',6,12.15492),
(1,'2021-11-13 12:00','2021-11-14 12:00',6,9.23165),
(1,'2021-11-13 12:00','2021-11-14 15:00',6,19.30715),
(1,'2021-11-13 12:00','2021-11-14 18:00',6,25.08096),
(1,'2021-11-13 12:00','2021-11-14 21:00',6,26.16760),
(1,'2021-11-13 12:00','2021-11-15 0:00',6,30.55122),
(1,'2021-11-13 12:00','2021-11-15 3:00',6,32.33496),
(1,'2021-11-13 12:00','2021-11-15 6:00',6,25.49144),
(1,'2021-11-13 12:00','2021-11-15 9:00',6,21.53904),
(1,'2021-11-13 12:00','2021-11-13 12:00',5,2.01971),
(1,'2021-11-13 12:00','2021-11-13 15:00',5,2.04455),
(1,'2021-11-13 12:00','2021-11-13 18:00',5,2.08261),
(1,'2021-11-13 12:00','2021-11-13 21:00',5,2.12305),
(1,'2021-11-13 12:00','2021-11-14 0:00',5,3.03340),
(1,'2021-11-13 12:00','2021-11-14 3:00',5,7.04424),
(1,'2021-11-13 12:00','2021-11-14 6:00',5,12.87993),
(1,'2021-11-13 12:00','2021-11-14 9:00',5,14.15492),
(1,'2021-11-13 12:00','2021-11-14 12:00',5,11.23165),
(1,'2021-11-13 12:00','2021-11-14 15:00',5,21.30715),
(1,'2021-11-13 12:00','2021-11-14 18:00',5,27.08096),
(1,'2021-11-13 12:00','2021-11-14 21:00',5,28.16760),
(1,'2021-11-13 12:00','2021-11-15 0:00',5,32.55122),
(1,'2021-11-13 12:00','2021-11-15 3:00',5,34.33496),
(1,'2021-11-13 12:00','2021-11-15 6:00',5,27.49144),
(1,'2021-11-13 12:00','2021-11-15 9:00',5,23.53904),
(1,'2021-11-13 12:00','2021-11-15 12:00',5,20.91871),
(1,'2021-11-13 12:00','2021-11-15 15:00',5,21.81810),
(1,'2021-11-13 12:00','2021-11-15 18:00',5,22.18198),
(1,'2021-11-13 12:00','2021-11-15 21:00',5,18.01080),
(1,'2021-11-13 12:00','2021-11-13 12:00',7,0.01971),
(1,'2021-11-13 12:00','2021-11-13 15:00',7,0.04455),
(1,'2021-11-13 12:00','2021-11-13 18:00',7,0.08261),
(1,'2021-11-13 12:00','2021-11-13 21:00',7,0.12305),
(1,'2021-11-13 12:00','2021-11-14 0:00',7,1.03340),
(1,'2021-11-13 12:00','2021-11-14 3:00',7,5.04424),
(1,'2021-11-13 12:00','2021-11-14 6:00',7,10.87993),
(1,'2021-11-13 12:00','2021-11-14 9:00',7,12.15492),
(1,'2021-11-13 12:00','2021-11-14 12:00',7,9.23165),
(1,'2021-11-13 12:00','2021-11-14 15:00',7,19.30715),
(1,'2021-11-13 12:00','2021-11-14 18:00',7,25.08096),
(1,'2021-11-13 12:00','2021-11-14 21:00',7,26.16760),
(1,'2021-11-13 12:00','2021-11-15 0:00',7,30.55122),
(1,'2021-11-13 12:00','2021-11-15 3:00',7,32.33496),
(1,'2021-11-13 12:00','2021-11-15 6:00',7,25.49144),
(1,'2021-11-13 12:00','2021-11-15 9:00',7,21.53904),
(1,'2021-11-13 12:00','2021-11-15 12:00',7,18.91871),
(1,'2021-11-13 12:00','2021-11-15 15:00',7,19.81810),
(1,'2021-11-13 12:00','2021-11-15 18:00',7,20.18198),
(1,'2021-11-13 12:00','2021-11-15 21:00',7,16.01080),
(1,'2021-11-13 12:00','2021-11-13 12:00',8,0.00000),
(1,'2021-11-13 12:00','2021-11-13 15:00',8,0.00000),
(1,'2021-11-13 12:00','2021-11-13 18:00',8,0.00000),
(1,'2021-11-13 12:00','2021-11-13 21:00',8,1.20000),
(1,'2021-11-13 12:00','2021-11-14 0:00',8,0.40000),
(1,'2021-11-13 12:00','2021-11-14 3:00',8,1.10000),
(1,'2021-11-13 12:00','2021-11-14 6:00',8,1.90000),
(1,'2021-11-13 12:00','2021-11-14 9:00',8,1.60000),
(1,'2021-11-13 12:00','2021-11-14 12:00',8,1.50000),
(1,'2021-11-13 12:00','2021-11-14 15:00',8,1.44000),
(1,'2021-11-13 12:00','2021-11-14 18:00',8,0.50000),
(1,'2021-11-13 12:00','2021-11-14 21:00',8,0.11800),
(1,'2021-11-13 12:00','2021-11-15 0:00',8,0.20000),
(1,'2021-11-13 12:00','2021-11-15 3:00',8,0.18180),
(1,'2021-11-13 12:00','2021-11-15 6:00',8,2.85800),
(1,'2021-11-13 12:00','2021-11-15 9:00',8,3.85800),
(1,'2021-11-13 12:00','2021-11-15 12:00',8,5.00000),
(1,'2021-11-13 12:00','2021-11-15 15:00',8,2.00000),
(1,'2021-11-13 12:00','2021-11-15 18:00',8,4.00000),
(1,'2021-11-13 12:00','2021-11-15 21:00',8,1.60000),
(1,'2021-11-13 12:00','2021-11-16 0:00',8,1.00100),
(1,'2021-11-13 12:00','2021-11-16 3:00',8,0.00000),
(1,'2021-11-13 12:00','2021-11-16 6:00',8,0.00000),
(1,'2021-11-13 12:00','2021-11-16 9:00',8,0.00000),
(1,'2021-11-13 12:00','2021-11-16 12:00',8,0.00000),
(1,'2021-11-13 12:00','2021-11-16 15:00',8,0.00000),
(1,'2021-11-13 12:00','2021-11-16 18:00',8,0.00000),
(1,'2021-11-13 12:00','2021-11-16 21:00',8,0.00000),
(1,'2021-11-13 12:00','2021-11-17 0:00',8,0.00000),
(1,'2021-11-13 12:00','2021-11-17 3:00',8,0.00000),
(1,'2021-11-13 12:00','2021-11-17 6:00',8,0.00000),
(1,'2021-11-13 12:00','2021-11-17 9:00',8,0.00000),
(1,'2021-11-13 12:00','2021-11-17 12:00',8,0.00000),
(1,'2021-11-13 12:00','2021-11-17 15:00',8,0.18190),
(1,'2021-11-13 12:00','2021-11-17 18:00',8,0.17180),
(1,'2021-11-13 12:00','2021-11-17 21:00',8,0.00000),
(1,'2021-11-13 12:00','2021-11-18 0:00',8,0.00000),
(1,'2021-11-13 12:00','2021-11-18 3:00',8,0.00000),
(1,'2021-11-13 12:00','2021-11-18 6:00',8,0.00000),
(1,'2021-11-13 12:00','2021-11-18 9:00',8,0.00000),
(1,'2021-11-13 12:00','2021-11-18 12:00',8,0.00000),
(1,'2021-11-13 12:00','2021-11-18 15:00',8,0.00000),
(1,'2021-11-13 12:00','2021-11-18 18:00',8,0.00000),
(1,'2021-11-13 12:00','2021-11-18 21:00',8,0.00000),
(1,'2021-11-13 12:00','2021-11-19 0:00',8,0.00000),
(1,'2021-11-13 12:00','2021-11-19 3:00',8,0.00000),
(1,'2021-11-13 12:00','2021-11-19 6:00',8,0.00000),
(1,'2021-11-13 12:00','2021-11-19 9:00',8,0.00000),
(1,'2021-11-13 12:00','2021-11-19 12:00',8,0.00000),
(1,'2021-11-13 12:00','2021-11-19 15:00',8,0.00000),
(1,'2021-11-13 12:00','2021-11-19 18:00',8,0.00000),
(1,'2021-11-13 12:00','2021-11-19 21:00',8,0.00000),
(1,'2021-11-13 12:00','2021-11-20 0:00',8,0.00000),
(1,'2021-11-13 12:00','2021-11-20 3:00',8,0.00000),
(1,'2021-11-13 12:00','2021-11-20 6:00',8,0.00000),
(1,'2021-11-13 12:00','2021-11-20 9:00',8,0.00000),
(1,'2021-11-13 12:00','2021-11-20 12:00',8,0.00000);

